feature,size,tcga_macro_f1_all,tcga_macro_f1_all,cptac_macro_f1,cptac_macro_f1,met500_macro_f1,met500_macro_f1,gap_cptac,gap_cptac,gap_met500,gap_met500,cptac_coverage,cptac_coverage,met500_coverage,met500_coverage
,,mean,std,mean,std,mean,std,mean,std,mean,std,mean,std,mean,std
expression,10,0.7982334798318012,0.0178974742587751,0.6584505203740274,0.001957798702035914,0.6960828962489838,0.010327586376022442,0.12313658696469507,0.02096814954379084,0.13460518117396206,0.02136414003267791,0.8271398747390396,0.003998743488387898,0.8534883720930232,0.013812813706360805
expression,100,0.9580382835836453,0.004723773466370176,0.8770561388272199,0.014192360019230427,0.7687992701389079,0.03781925908748941,0.07748533505506232,0.018765825775960244,0.1985896954440527,0.04094427753991771,0.9719206680584552,0.010289914485664941,0.9209302325581395,0.036421736312662024
expression,150,0.9689529821798958,0.0072054006899439854,0.8654217000774953,0.006838117524321711,0.7485632573765291,0.01914797106589505,0.10094403061739199,0.010713298989484026,0.2283602004115286,0.0235270926691666,0.9672233820459291,0.0035282763634980436,0.9054263565891473,0.007555654530859621
expression,20,0.8924120177653471,0.00813641411001772,0.8195781490389867,0.011542444154807046,0.6962809368766523,0.009100928986406583,0.06403570772774383,0.015965900149242623,0.21197549697603915,0.017121671290354402,0.9409185803757829,0.0028918361539029603,0.8790697674418604,0.016306731758110597
expression,250,0.976086014746351,0.004079182247836845,0.877722061541108,0.008519436425099225,0.767306847307664,0.009872716122873425,0.09637112110077235,0.008074169888594192,0.21626940821013724,0.01072341611299597,0.9717118997912317,0.01008941635408595,0.9108527131782946,0.024205418598443353
expression,50,0.9412027399880565,0.005068458814398698,0.8634378642617179,0.02451673393962095,0.7178583964620799,0.016431820419820508,0.07286510405867655,0.023483983785176906,0.2345366676963136,0.017889180554661,0.9784968684759917,0.00396453632877519,0.9333333333333333,0.01207163682356393
expression,500,0.9811675218489968,0.0017438993385886197,0.8718345232598701,0.00830997082227712,0.7730320803911758,0.014136707644758375,0.1077636254098765,0.008945055431435747,0.2154823939867562,0.014160562252181966,0.9804801670146137,0.007702530611429333,0.9317829457364342,0.01635273109281316
expression,all,0.9872600739158969,0.0020920813286042297,0.8159574719202871,0.01023551376153408,0.6412544280656103,0.0143107208608214,0.17024094148860108,0.009478796622377323,0.35136784888330236,0.015253161141217683,0.9601252609603341,0.02154653887424391,0.8348837209302324,0.07578485832220319
pairs,10,0.7028791445767777,0.010656288606620556,0.6060203955684439,0.0058587085504253076,0.6239257346539328,0.01905042495273611,0.07243119841232015,0.015772060195421066,0.1369028684001317,0.02895959370318558,0.6837160751565763,0.05767754724765226,0.6937984496124031,0.049636621995603446
pairs,100,0.9656221850665491,0.005028138534552546,0.8985601889042197,0.0068220780908250156,0.7849899727121483,0.013169212260560292,0.06419717825120844,0.011454174108688691,0.18953490696895675,0.016833047979661602,0.990918580375783,0.004019128039285709,0.9744186046511627,0.016580813671478643
pairs,150,0.972435987287603,0.0042640183705999314,0.8918269118867632,0.006170346560189111,0.7886041113075593,0.01685243931437667,0.07831207434147336,0.007390696510954827,0.19207001763872983,0.014224444225853707,0.9847599164926931,0.007753640516097657,0.9472868217054264,0.01830344023739164
pairs,20,0.8723580252548766,0.006480384437282787,0.8163694251440345,0.006906053567252671,0.7148777386875806,0.009744678644366522,0.045519273069686485,0.006636821055380796,0.1727075223845771,0.010035196134757183,0.925365344467641,0.008277010191625087,0.8558139534883722,0.022995964301071793
pairs,50,0.9484755227653965,0.003422640324267317,0.8881016928962204,0.011565778711557954,0.7721792015428408,0.01041161817776287,0.056080123432959116,0.011012648612919888,0.18701271363296754,0.014376096279275198,0.9802713987473904,0.008088928503573851,0.9511627906976743,0.02829722829216119
