seed,feature,size,C,n_genes,tcga_macro_f1_all,cptac_macro_f1,tcga_matched_cptac_macro_f1,gap_cptac,cptac_accuracy,cptac_balanced_accuracy,cptac_coverage,cptac_accuracy_covered,met500_macro_f1,tcga_matched_met500_macro_f1,gap_met500,met500_accuracy,met500_balanced_accuracy,met500_coverage,met500_accuracy_covered
0,expression,10,1.0,10,0.7761922840608683,0.6586852137156027,0.7575416410659406,0.09885642735033784,0.6873695198329853,0.6789046433695382,0.8230688935281837,0.7736207989854154,0.7003827761153995,0.798576578308427,0.09819380219302754,0.6472868217054264,0.6183500764246107,0.8449612403100775,0.7110091743119266
0,expression,100,0.1,100,0.9544911051159659,0.8919457133468064,0.950698697208963,0.05875298386215666,0.9102296450939458,0.9016224491587619,0.9618997912317327,0.931090613130765,0.7997279210831929,0.9601528465548462,0.16042492547165332,0.8178294573643411,0.7101118343354368,0.8992248062015504,0.8577586206896551
0,expression,150,0.1,150,0.9702889171005051,0.8664259304608269,0.9678129935255472,0.10138706306472023,0.8977035490605428,0.8776618766663691,0.9671189979123174,0.9131138694009714,0.7542810664446403,0.974454823821105,0.22017375737646472,0.7868217054263565,0.6881338123574149,0.9031007751937985,0.8326180257510729
0,expression,20,1.0,20,0.8798106527960171,0.8230549015492717,0.8697948738623519,0.046739972313080136,0.8329853862212944,0.8338950332770154,0.9405010438413361,0.8634850166481687,0.69246017695262,0.8856526105218743,0.1931924335692543,0.7131782945736435,0.5858406603748219,0.8682170542635659,0.7901785714285714
0,expression,250,0.1,250,0.9756712996513524,0.8807227466125278,0.9736439079556317,0.09292116134310391,0.9065762004175365,0.8903614890815508,0.9660751565762005,0.9276066990815776,0.783352188392331,0.9814213451458421,0.1980691567535111,0.7945736434108527,0.6955296256538492,0.875968992248062,0.8451327433628318
0,expression,50,1.0,50,0.9362980551327291,0.8880724463132411,0.9309895597271232,0.042917113413882046,0.9044885177453027,0.8953005024483769,0.9744258872651357,0.9201928227102303,0.7418202629839458,0.9480283356045637,0.2062080726206179,0.7325581395348837,0.6292281734828319,0.9224806201550387,0.7689075630252101
0,expression,500,1.0,500,0.9828834661944543,0.8651374923178713,0.9814570883773256,0.1163195960594543,0.8950939457202505,0.8808253390250959,0.9864300626304802,0.9031746031746032,0.7516669221879289,0.9877068414188859,0.23603991923095702,0.7751937984496124,0.6866663357346586,0.9418604651162791,0.8065843621399177
0,expression,all,0.01,13175,0.9908089201993477,0.8267213820858573,0.9900429968826266,0.16332161479676932,0.8783924843423799,0.8580221664739617,0.9446764091858038,0.9060773480662984,0.6376297915239822,0.9916392429222285,0.35400945139824624,0.689922480620155,0.6386279352117861,0.7945736434108527,0.7902439024390244
0,pairs,10,1.0,10,0.6950858943537834,0.6017383368170369,0.670501468058183,0.06876313124114608,0.6257828810020877,0.6243690781426922,0.7484342379958246,0.7391910739191074,0.6138468233017583,0.7422070733037691,0.1283602500020108,0.6356589147286822,0.5723779326263798,0.7635658914728682,0.7360406091370558
0,pairs,100,0.1,100,0.9602144015164426,0.9037084183251061,0.9568989349761461,0.05319051665104002,0.9206680584551148,0.9131348288251163,0.9859081419624217,0.9264160931709899,0.7848175219622675,0.9654185436575864,0.1806010216953189,0.8062015503875969,0.6907859221523817,0.9496124031007752,0.8408163265306122
0,pairs,150,0.1,150,0.9755963918552264,0.8922687774766199,0.9735627578431619,0.081293980366542,0.9154488517745303,0.9035468314842542,0.988517745302714,0.9218585005279831,0.8019128204436485,0.9774165975198918,0.17550377707624332,0.8255813953488372,0.7348557239861587,0.9573643410852714,0.854251012145749
0,pairs,20,0.1,20,0.8723566356922021,0.8189249979689782,0.8617196886665522,0.04279469069757402,0.8392484342379958,0.8358483491106048,0.9352818371607515,0.8649553571428571,0.7069693710585723,0.871195962681722,0.16422659162314968,0.7596899224806202,0.6157721677908014,0.8875968992248062,0.7947598253275109
0,pairs,50,1.0,50,0.9444430203687075,0.8792005001719484,0.9398132720660999,0.060612771894151485,0.8971816283924844,0.886363055598411,0.9822546972860126,0.9075451647183846,0.7902962790655986,0.953662204795022,0.16336592572942332,0.7906976744186046,0.6934519931414341,0.9728682170542635,0.796812749003984
1,expression,10,1.0,10,0.8050283978321234,0.6568931975598347,0.7891995247871454,0.13230632722731073,0.6873695198329853,0.679353762914012,0.8251565762004175,0.7767235926628716,0.6850212638083354,0.8368334805942688,0.15181221678593337,0.6395348837209303,0.5928711557593545,0.8488372093023255,0.7031963470319634
1,expression,100,1.0,100,0.9622343501235289,0.8758212133583217,0.9590872126338229,0.08326599927550116,0.8956158663883089,0.8847174189513036,0.9838204592901879,0.9029177718832891,0.7064819648107804,0.9712848758137449,0.2648029110029645,0.7441860465116279,0.6063517228113502,0.9457364341085271,0.7827868852459017
1,expression,150,0.1,150,0.9798994978558174,0.8651069162656485,0.9782244560104689,0.11311753974482042,0.8950939457202505,0.8739996792447493,0.9707724425887265,0.9096774193548387,0.7478219091933561,0.9876891267382817,0.23986721754492557,0.7945736434108527,0.6817235559471584,0.9108527131782945,0.8340425531914893
1,expression,20,1.0,20,0.8959870861531372,0.8026215029201095,0.8877381038015769,0.08511660088146744,0.8157620041753654,0.8171115050016083,0.9420668058455115,0.8404432132963989,0.7081239827608915,0.9095300541002738,0.20140607133938226,0.7170542635658915,0.6010301809991251,0.8837209302325582,0.7719298245614035
1,expression,250,0.1,250,0.9829344699112829,0.8861040177651903,0.9815123424038897,0.09540832463869942,0.9091858037578288,0.8934790111058538,0.9660751565762005,0.9259859535386278,0.7655025820820741,0.9886385006515341,0.22313591856946002,0.7790697674418605,0.681396502048676,0.9069767441860465,0.8376068376068376
1,expression,50,1.0,50,0.9445276977806564,0.8588932246567875,0.9399050059290444,0.08101178127225683,0.8851774530271399,0.8738743620602256,0.9817327766179541,0.8936735778841042,0.7267029865119289,0.9565296292378652,0.22982664272593634,0.7364341085271318,0.6152943847043225,0.9534883720930233,0.7560975609756098
1,expression,500,1.0,500,0.9818768940585709,0.8660053045711384,0.9803666352301185,0.11436133065898002,0.894572025052192,0.8783488765474919,0.9843423799582464,0.9066808059384942,0.7693477241287423,0.9911391916873656,0.22179146755862333,0.7945736434108527,0.7074299923678806,0.9341085271317829,0.8257261410788381
1,expression,all,0.1,13176,0.9858357219976347,0.8092904641903392,0.9846553654974376,0.17536490130709836,0.865866388308977,0.8414527987397826,0.9869519832985386,0.8741406663141195,0.621910408211778,0.994017008392885,0.372106600181107,0.6627906976744186,0.6381685085101234,0.9147286821705426,0.690677966101695
1,pairs,10,0.1,10,0.7061701228650299,0.6061693314311928,0.6821030602394608,0.07593372880826799,0.6294363256784968,0.6321611926396703,0.6330897703549061,0.7963726298433635,0.6397796006598601,0.7635443348548875,0.12376473419502743,0.6589147286821705,0.6068168374068995,0.6589147286821705,0.8117647058823529
1,pairs,100,1.0,100,0.9712648971534764,0.8948998071471376,0.9688703052495994,0.07397049810246181,0.9138830897703549,0.9054082942263003,0.9932150313152401,0.9174986862848135,0.7793657923006719,0.9814888394199085,0.20212304711923657,0.7906976744186046,0.6839816498201591,0.9767441860465116,0.8095238095238095
1,pairs,150,0.1,150,0.9781359489004608,0.8934948136330353,0.9763139446421659,0.08281913100913063,0.9149269311064718,0.9033118607061964,0.9879958246346555,0.9212889593238246,0.807719879845725,0.987037458163007,0.179317578317282,0.8178294573643411,0.727219726443329,0.9534883720930233,0.8495934959349594
1,pairs,20,0.1,20,0.8794160478192884,0.8245050523265496,0.8697861456065742,0.04528109328002461,0.8423799582463466,0.840281404138965,0.9243215031315241,0.8712591756070017,0.7311801600846152,0.8911134606604284,0.15993330057581323,0.751937984496124,0.6443908058814891,0.8410852713178295,0.8387096774193549
1,pairs,50,1.0,50,0.9525858720391397,0.8778728430093526,0.9486346947090679,0.07076185169971527,0.8971816283924844,0.8867366080338206,0.9906054279749478,0.9035827186512118,0.7656354359989622,0.9611955325638487,0.1955600965648865,0.7829457364341085,0.660170574766848,0.9651162790697675,0.7991967871485943
2,expression,10,1.0,10,0.8090690584130471,0.6576236231069045,0.7931581466141343,0.13553452350722983,0.6894572025052192,0.6798992068903663,0.8308977035490606,0.7751256281407035,0.7106095771641989,0.8491736217878145,0.1385640446236156,0.6627906976744186,0.6267071437878889,0.8565891472868217,0.7104072398190046
2,expression,100,1.0,100,0.9640847364678886,0.8539544384157881,0.9610917978402127,0.1071373594244246,0.8820459290187892,0.8683303903363706,0.9822546972860126,0.8921360255047821,0.7602463449921076,0.9691939410409878,0.20894759604888014,0.7868217054263565,0.6627714935168351,0.9728682170542635,0.796812749003984
2,expression,150,0.1,150,0.9630491623695575,0.8557023897385365,0.9599699259003539,0.10426753616181739,0.8893528183716075,0.867883495477732,0.9613778705636743,0.9066232356134636,0.7559371706444361,0.9681641121318257,0.21222694148738963,0.8023255813953488,0.6755578789740281,0.9031007751937985,0.8454935622317596
2,expression,20,1.0,20,0.8895699548662096,0.8299308830115537,0.8803674511050602,0.050436568093506495,0.8382045929018789,0.838686062402673,0.9363256784968684,0.8612040133779264,0.7037140208796896,0.9087768046502898,0.20506278377060017,0.7131782945736435,0.607365202085699,0.8604651162790697,0.7882882882882883
2,expression,250,0.1,250,0.9720757200486764,0.8841749033157918,0.9697486967193995,0.0855737934036076,0.907098121085595,0.8916311284421519,0.9671189979123174,0.926605504587156,0.7584411520338293,0.9775386336280452,0.21909748159421583,0.7829457364341085,0.6735642721667566,0.9224806201550387,0.8235294117647058
2,expression,50,1.0,50,0.9414599632906793,0.8402673209785593,0.9365816268982359,0.0963143059196766,0.872651356993737,0.8548286056216704,0.9780793319415448,0.8852721451440768,0.7108559792808348,0.9489736654287231,0.2381176861478883,0.7209302325581395,0.5890147637042047,0.9302325581395349,0.7541666666666667
2,expression,500,1.0,500,0.9785860145791668,0.8678471131961922,0.9768015157940974,0.10895440259790512,0.8950939457202505,0.876600182083432,0.9832985386221295,0.9033970276008493,0.7769480694296184,0.9860965912548457,0.20914852182522736,0.7945736434108527,0.6842091655756253,0.937984496124031,0.8223140495867769
2,expression,all,0.01,13178,0.9870616751589504,0.8171413409186193,0.9859834814221963,0.16884214050357693,0.8653444676409185,0.8392135755206332,0.9431106471816284,0.8987271721084671,0.6597340127595539,0.9909541077570242,0.3312200949974703,0.6782945736434108,0.6210962950093385,0.7596899224806202,0.8061224489795918
2,pairs,10,1.0,10,0.7199847614777583,0.5988083763006995,0.6966501582675715,0.09784178196687199,0.6200417536534447,0.6221969109190315,0.7447807933194155,0.7344078486334968,0.5957265071613858,0.7822138999288931,0.18648739276750737,0.6162790697674418,0.5393268739542031,0.7286821705426356,0.7446808510638298
2,pairs,100,0.1,100,0.9666536587053021,0.9034964100225927,0.9638747969307438,0.060378386908151116,0.9201461377870563,0.9125781575549051,0.9874739039665971,0.9265327695560254,0.7919028027317588,0.973974815239061,0.1820720125073022,0.813953488372093,0.7115508714887598,0.9728682170542635,0.8366533864541833
2,pairs,150,0.1,150,0.968807434965957,0.883969529531539,0.9662080545464534,0.08223852501491447,0.9086638830897703,0.8928378362904835,0.9853862212943633,0.9163135593220338,0.7650672799211191,0.974470226337078,0.2094029464159589,0.813953488372093,0.6981432128947658,0.9573643410852714,0.8340080971659919
2,pairs,20,0.1,20,0.877151147153426,0.8176328391050464,0.8669137427495448,0.04928090364449844,0.8382045929018789,0.8352917517919539,0.9295407098121086,0.862436833239753,0.7077656009549698,0.8908516056329839,0.18308600467801417,0.7403100775193798,0.6272449083008089,0.872093023255814,0.7955555555555556
2,pairs,50,0.1,50,0.9474542865282474,0.8883316249692884,0.9430754770722679,0.054743852102979496,0.907098121085595,0.8960653540217106,0.9723382045929019,0.9205582393988191,0.76734360410831,0.956647850359181,0.18930424625087094,0.7868217054263565,0.6545408525222189,0.9224806201550387,0.819327731092437
3,expression,10,1.0,10,0.782801422858758,0.6617453711324687,0.7647015414303211,0.10295617029785242,0.6910229645093946,0.682620873064589,0.8319415448851775,0.7741530740276035,0.6874772992296075,0.823707287606826,0.13622998837721845,0.6511627906976745,0.6019803178188272,0.875968992248062,0.7079646017699115
3,expression,100,0.1,100,0.9549066059464055,0.8803381531881884,0.951148823108606,0.07081066992041762,0.9029227557411273,0.8934316439707319,0.965553235908142,0.9243243243243243,0.7864962939921368,0.9690597686963281,0.18256347470419132,0.810077519379845,0.6983549576717277,0.8953488372093024,0.8528138528138528
3,expression,150,0.1,150,0.9696918798124042,0.8649018715746704,0.9671662031301046,0.10226433155543424,0.8950939457202505,0.8752922229919453,0.9686847599164927,0.9105603448275862,0.7168665521403936,0.9805493756319817,0.2636828234915881,0.7829457364341085,0.6493935670954304,0.8953488372093024,0.8311688311688312
3,expression,20,1.0,20,0.8956329775268407,0.8133562375993003,0.8869357256540774,0.0735794880547771,0.824634655532359,0.8263792366700784,0.941544885177453,0.852549889135255,0.6894931251052532,0.9184345546729206,0.2289414295676674,0.7131782945736435,0.5892903680170761,0.9031007751937985,0.7682403433476395
3,expression,250,0.1,250,0.974391292479575,0.8710814335102587,0.9722572335195396,0.10117580000928095,0.9024008350730689,0.889564962792778,0.9697286012526096,0.9192680301399354,0.7688692064345911,0.9850672546897091,0.216198048255118,0.7713178294573644,0.6895772447014684,0.9069767441860465,0.8376068376068376
3,expression,50,1.0,50,0.9360888230725142,0.840127154001571,0.9307628916618903,0.0906357376603193,0.8731732776617954,0.8564685755230195,0.9749478079331941,0.8843683083511777,0.7001781449776437,0.9473581098768526,0.2471799648992089,0.7209302325581395,0.5882639617111666,0.9263565891472868,0.7489539748953975
3,expression,500,1.0,500,0.9822557380234809,0.8753404306154966,0.9807770495254376,0.10543661890994105,0.9044885177453027,0.8923776453661708,0.9812108559498957,0.9154255319148936,0.7768648388215269,0.9887425311054467,0.21187769228391984,0.8062015503875969,0.703357460345038,0.9418604651162791,0.823045267489712
3,expression,all,0.1,13179,0.9870005332540825,0.8022851463364389,0.9859172443585894,0.18363209802215053,0.8596033402922756,0.8313161351822558,0.9801670146137788,0.8700745473908413,0.6371630780576384,0.9933335440268316,0.3561704659691932,0.6705426356589147,0.6599717570214464,0.9186046511627907,0.7088607594936709
3,pairs,10,0.1,10,0.6942713521264516,0.610559320475923,0.6687939648036557,0.05823464432773273,0.6325678496868476,0.6375423640767798,0.6450939457202505,0.7912621359223301,0.6300327361686641,0.7644097870012223,0.13437705083255824,0.6434108527131783,0.5919373069994187,0.6666666666666666,0.7965116279069767
3,pairs,100,1.0,100,0.969358112082129,0.8882326879668302,0.9668046214223064,0.0785719334554762,0.9107515657620042,0.9026439291914707,0.9926931106471816,0.9148264984227129,0.7669155766871772,0.9787531217264628,0.21183754503928554,0.7945736434108527,0.6790461091703328,0.9961240310077519,0.7976653696498055
3,pairs,150,0.1,150,0.9711234147670146,0.8887400328344888,0.9687170326642658,0.07997699982977702,0.9123173277661796,0.8997882020621811,0.9906054279749478,0.9172813487881981,0.7842191852046462,0.9823677648130084,0.19814857960836219,0.8178294573643411,0.7084951797684717,0.9534883720930233,0.8536585365853658
3,pairs,20,0.1,20,0.8628987820740475,0.8151356563421127,0.851473680580218,0.03633802423810528,0.837160751565762,0.8327972919364984,0.9248434237995825,0.8645598194130926,0.713992170697365,0.892789888474805,0.17879771777744002,0.748062015503876,0.6303334346812608,0.8449612403100775,0.8165137614678899
3,pairs,50,0.1,50,0.9464759925233351,0.8882633578590107,0.9420156585669464,0.053752300707935685,0.9065762004175365,0.8962279406378452,0.9718162839248434,0.9178302900107411,0.7716805712364151,0.9577764176432568,0.18609584640684174,0.7945736434108527,0.6684436164249828,0.9186046511627907,0.8396624472573839
4,expression,10,1.0,10,0.8180762359942089,0.6573051963553268,0.8033346827960713,0.14602948644074454,0.6889352818371608,0.6806053724398704,0.824634655532359,0.770253164556962,0.6969235649273777,0.845149418817393,0.1482258538900153,0.6356589147286822,0.6026046934432028,0.8410852713178295,0.695852534562212
4,expression,100,0.1,100,0.954474620264437,0.8832211758269951,0.9506808386198067,0.06745966279281157,0.9039665970772442,0.8907800011532081,0.9660751565762005,0.9254457050243112,0.7910438258163222,0.9672533958088964,0.1762095699925742,0.8062015503875969,0.7067104737912191,0.8914728682170543,0.8565217391304348
4,expression,150,0.1,150,0.9618354537611951,0.8749713923477936,0.9586550749079613,0.08368368256016767,0.9018789144050104,0.8808600077305636,0.9681628392484343,0.9164420485175202,0.7679095884598192,0.9737598506170941,0.20585026215727498,0.8062015503875969,0.7052543729562363,0.9147286821705426,0.8389830508474576
4,expression,20,1.0,20,0.9010594174845304,0.8289272201146983,0.8932331294105863,0.06430590929588798,0.8382045929018789,0.8391102962659795,0.9441544885177453,0.8623548922056384,0.6876133786848071,0.9188881453180986,0.2312747666332915,0.7170542635658915,0.5924130217608479,0.8798449612403101,0.7709251101321586
4,expression,250,1.0,250,0.9753572916408692,0.8665272065017717,0.9733037326109416,0.10677652610916988,0.8977035490605428,0.8817247954901123,0.9895615866388309,0.9040084388185654,0.7603691075954944,0.9852155434738756,0.22484643587838127,0.7713178294573644,0.6851605950984833,0.9418604651162791,0.8024691358024691
4,expression,50,1.0,50,0.9476391606637032,0.8898291753584305,0.9432757573856785,0.053446582027247946,0.9044885177453027,0.8927346006321835,0.9832985386221295,0.9145435244161358,0.7097346085560464,0.961085580643963,0.25135097208791657,0.748062015503876,0.6041872206468479,0.9341085271317829,0.7842323651452282
4,expression,500,0.1,500,0.9802354963893113,0.8848422755986519,0.9785884544217539,0.09374617882310199,0.9086638830897703,0.8961242895550797,0.9671189979123174,0.9271451699946034,0.7903328473880621,0.9888872164231154,0.1985543690350533,0.7868217054263565,0.6955252304631186,0.9031007751937985,0.8497854077253219
4,expression,all,0.01,13182,0.9855935189694688,0.8243490260701809,0.9843929788835912,0.16004395281341033,0.872651356993737,0.8486771243800274,0.9457202505219207,0.9001103752759382,0.6498348497750991,0.993167481645594,0.3433326318704949,0.7054263565891473,0.6464557699029748,0.7868217054263565,0.7980295566502463
4,pairs,10,0.1,10,0.6988835920608654,0.6128266128173673,0.6742093185349493,0.061382705717581976,0.6356993736951984,0.6389503324153504,0.6471816283924844,0.7943548387096774,0.6402430059779957,0.7517679201815503,0.11152491420355459,0.6511627906976745,0.6036941836631279,0.6511627906976745,0.8095238095238095
4,pairs,100,1.0,100,0.9606198558753954,0.902463621059432,0.957338177198345,0.05487455613891301,0.9196242171189979,0.9099587744678556,0.9953027139874739,0.9234399580492921,0.8019481698788662,0.9729890783625068,0.17104090848364062,0.813953488372093,0.7091492875654366,0.9767441860465116,0.8293650793650794
4,pairs,150,0.01,150,0.9685167459493564,0.9006614059581334,0.965893141445136,0.06523173548700267,0.9206680584551148,0.9088791600568452,0.971294363256785,0.9398173025255239,0.7841013911226576,0.9820785978984604,0.19797720677580277,0.8178294573643411,0.7185684398417317,0.9147286821705426,0.864406779661017
4,pairs,20,0.1,20,0.8699675135354192,0.8056485799774857,0.8595502334657158,0.05390165348823006,0.8256784968684759,0.8246794097287521,0.912839248434238,0.866781017724414,0.7144813906423815,0.8919753879108498,0.17749399726846837,0.7441860465116279,0.6267997013338629,0.8333333333333334,0.813953488372093
4,pairs,50,1.0,50,0.9514184423675527,0.9068401384715018,0.9473699792315154,0.04052984076001365,0.9206680584551148,0.9094685466842672,0.9843423799582464,0.9257688229056203,0.7659401173049183,0.9666775705177335,0.20073745321281522,0.7945736434108527,0.6697347683372527,0.9767441860465116,0.7976190476190477
