seed,feature,size,organ_cptac_macro_f1,organ_gap_cptac,organ_cptac_classes,organ_met500_with_lung_macro_f1,organ_gap_met500_with_lung,organ_met500_with_lung_classes,met500_lung_sensitivity
0,expression,10,0.7000623792651731,0.08566101001229809,11,0.6266551104061108,0.1622009184564025,8,0.5
0,expression,100,0.8971519526775318,0.0568965715162133,11,0.7766850078708707,0.1816079368447192,8,0.8333333333333334
0,expression,150,0.8655560853396677,0.10634075345423633,11,0.73763414192481,0.2353841992890272,8,0.8333333333333334
0,expression,20,0.8403343769255927,0.037047518095422616,11,0.6486627134024245,0.23486917939007412,8,0.7916666666666666
0,expression,250,0.8838679459969728,0.09434340426742871,11,0.759757489167614,0.2206243296442888,8,0.9166666666666666
0,expression,50,0.8943618516541098,0.04541111039087087,11,0.6967339095212475,0.24974632967730015,8,0.7916666666666666
0,expression,500,0.8656051133186367,0.1210705545958557,11,0.7384334070993159,0.2486707148390307,8,0.875
0,expression,all,0.8283482539858408,0.1630425271124516,11,0.6213414352977636,0.37072713871238816,8,0.7916666666666666
0,pairs,10,0.6418724459665404,0.06731283445487801,11,0.5725115325757155,0.1559950823558367,8,0.5
0,pairs,100,0.9097567456484099,0.051759420861490324,11,0.7498704061472046,0.21432894763200128,8,0.7916666666666666
0,pairs,150,0.8939049158318323,0.0815708312800979,11,0.7771036741108316,0.19975747034069535,8,0.875
0,pairs,20,0.8326758159434061,0.03311473292057876,11,0.6758045485015927,0.1951875710188271,8,0.75
0,pairs,50,0.889306396837556,0.057762004381265664,11,0.7365685025568747,0.2154967640771931,8,0.7083333333333334
1,expression,10,0.6989070452772478,0.12148414818432196,11,0.6073485084550079,0.21931177980105465,8,0.4583333333333333
1,expression,100,0.8880968097556423,0.08044628913869956,11,0.6837967192094329,0.28503889978459873,8,0.875
1,expression,150,0.8649230718843025,0.12174100744242411,11,0.72986500387752,0.2560174832350216,8,0.8333333333333334
1,expression,20,0.8207391236555742,0.07922946331418124,11,0.6748648951721903,0.23222084593083037,8,0.875
1,expression,250,0.8885953786105493,0.10081084951285102,11,0.7427314259884816,0.2451878977784323,8,0.875
1,expression,50,0.8662830918663896,0.08392174343756265,11,0.6873597712193906,0.2666379680892317,8,0.8333333333333334
1,expression,500,0.8673719230160851,0.1245002882480386,11,0.7558746483691796,0.2354462184313395,8,0.875
1,expression,all,0.8280753233994393,0.16591667914124175,11,0.6177050182187169,0.3746208397348135,8,0.8333333333333334
1,pairs,10,0.648874794596218,0.07184525944571996,11,0.5919647379688877,0.157782124649392,8,0.4583333333333333
1,pairs,100,0.9001787461804605,0.07824852906221536,11,0.7417893906074102,0.2371589749529709,8,0.7916666666666666
1,pairs,150,0.895195266598993,0.09101093567774021,11,0.7687685076139164,0.21682554278851884,8,0.8333333333333334
1,pairs,20,0.8362465264281174,0.045120349067507726,11,0.6928129431043413,0.1943142475948927,8,0.75
1,pairs,50,0.8873214471182815,0.07121220252202543,11,0.7210419199693359,0.24005367597452676,8,0.75
2,expression,10,0.6989361662969265,0.1243648621164043,11,0.6266889609353382,0.20930278224960264,8,0.4166666666666667
2,expression,100,0.8623312480905557,0.10408244131698119,11,0.7330726947252371,0.234107806154763,8,0.7916666666666666
2,expression,150,0.8549427692820181,0.10949430610606148,11,0.744778357647215,0.22120760500015224,8,0.8333333333333334
2,expression,20,0.8462266570542017,0.045656509489428676,11,0.6659878635078236,0.235718934157239,8,0.7916666666666666
2,expression,250,0.8875896743126497,0.08705870510590796,11,0.7397229645513399,0.236334124186925,8,0.875
2,expression,50,0.8463338481187727,0.09722573646772292,11,0.6743077841795327,0.2697361046109422,8,0.8333333333333334
2,expression,500,0.8696532395152592,0.1160949038761927,11,0.7588338897552451,0.226222849814967,8,0.875
2,expression,all,0.8226380492798048,0.16789921697221466,11,0.6494911521227311,0.34073725652110065,8,0.7916666666666666
2,pairs,10,0.6393558812510901,0.10263400265290079,11,0.5546846540708161,0.21539482574731805,8,0.5
2,pairs,100,0.9069203470122069,0.0631571661550745,11,0.7598584255837622,0.2108558901077362,8,0.8333333333333334
2,pairs,150,0.8846043934195322,0.08468552957652264,11,0.7410642680416405,0.23070387975516382,8,0.8333333333333334
2,pairs,20,0.8268774907555806,0.04822082755260082,11,0.6796156425779649,0.20576923666167302,8,0.7916666666666666
2,pairs,50,0.8966835773320523,0.05465876098232736,11,0.7220679460848898,0.23047803845850912,8,0.75
3,expression,10,0.7050309075845351,0.0918623262406979,11,0.6021786959505677,0.20702671916694348,8,0.375
3,expression,100,0.8837708252114287,0.07812484326434976,11,0.762200614449132,0.20344512976209683,8,0.875
3,expression,150,0.864171612296529,0.11310192437937139,11,0.699970651423498,0.2775222473764374,8,0.875
3,expression,20,0.831458182549697,0.07108718746715847,11,0.6550985970028465,0.254765735028071,8,0.7916666666666666
3,expression,250,0.8734320870753138,0.10912886967607416,11,0.748458420983305,0.234248373730094,8,0.9166666666666666
3,expression,50,0.8452303436002598,0.10074730279689215,11,0.6619552616811389,0.2806765517977906,8,0.8333333333333334
3,expression,500,0.874005889140935,0.11598408332733323,11,0.760559149844591,0.22683995362573106,8,0.875
3,expression,all,0.8206305744891292,0.17381341414233376,11,0.6301662135108733,0.3627811253174823,8,0.75
3,pairs,10,0.6551269358789411,0.057470234363809825,11,0.5898318887902221,0.15435135016052282,8,0.5
3,pairs,100,0.890964456281969,0.08595812282150628,11,0.7299378950097846,0.2461981336472724,8,0.75
3,pairs,150,0.8906303522033251,0.08741519558396127,11,0.7555431037787128,0.224739474746395,8,0.875
3,pairs,20,0.8280183018381141,0.0381290383451105,11,0.6773624089255983,0.20847990628055368,8,0.7083333333333334
3,pairs,50,0.8951419176315972,0.059037582868778804,11,0.7261149914958056,0.22947668737488003,8,0.75
4,expression,10,0.7001817863805696,0.12814840214417833,11,0.6143630859809319,0.22177607194313975,8,0.4166666666666667
4,expression,100,0.886085360807336,0.07629673009891691,11,0.7563893514704583,0.20837842249390492,8,0.8333333333333334
4,expression,150,0.8774022257003881,0.09308407373699468,11,0.7455004493178146,0.2268636094983273,8,0.875
4,expression,20,0.8494286894289531,0.05663945274560256,11,0.6555765415140415,0.2599701934824319,8,0.8333333333333334
4,expression,250,0.8691986153597534,0.11515261328709858,11,0.7377918716810915,0.24589335048017125,8,0.9166666666666666
4,expression,50,0.8976985482031505,0.05798238122564936,11,0.6742260959122452,0.28429804457696495,8,0.8333333333333334
4,expression,500,0.8910253462431496,0.09712426254107065,11,0.7709220056279272,0.21720443159242164,8,0.875
4,expression,all,0.8351370686472077,0.15800144249478432,11,0.6315425366575831,0.36094338324668507,8,0.75
4,pairs,10,0.6556707116968662,0.057974212346402876,11,0.5913597117558519,0.1465654235312096,8,0.4583333333333333
4,pairs,100,0.9074576257325482,0.06014509983482419,11,0.7654727645860369,0.20464267898115662,8,0.8333333333333334
4,pairs,150,0.9037190563248476,0.07234887418593994,11,0.7540440951877034,0.2262223088961427,8,0.8333333333333334
4,pairs,20,0.8206807007760436,0.04974007183789875,11,0.6806198680845337,0.2059561573130697,8,0.75
4,pairs,50,0.9146425974257958,0.044144162024744915,11,0.7176229107096948,0.24542694603696302,8,0.7083333333333334
