model,selector,seed,feature,size,cptac_macro_f1,gap_cptac,met500_macro_f1,gap_met500
svm,anova,0,expression,10,0.6733101901099067,0.1089023332846848,0.6079522935058314,0.2016049538263125
svm,anova,0,expression,100,0.8808567708979714,0.08185964509196297,0.736756799486644,0.2345750809152315
svm,anova,0,expression,150,0.8196985681945589,0.15204085405451584,0.6773405869831894,0.30151678171368945
svm,anova,0,expression,20,0.8087456070292456,0.06931655389274205,0.6556702758043801,0.22810572299787057
svm,anova,0,expression,50,0.9034466311594312,0.032663009730737325,0.7297667519096092,0.22196024840956408
svm,anova,0,expression,all,0.7073555344131859,0.2820844335895195,0.5715556030359702,0.42008814890994195
svm,anova,0,pairs,10,0.6182120956920124,0.05758603255739403,0.629998196389267,0.11587351480269448
svm,anova,0,pairs,100,0.9079696796679966,0.055799576374455984,0.747043613221467,0.22342862311414668
svm,anova,0,pairs,150,0.8772859818401689,0.09886980970238657,0.7782286150635462,0.2038979941454594
svm,anova,0,pairs,20,0.8194706565751425,0.04221544979330638,0.761826429541334,0.11426761586333545
svm,anova,0,pairs,50,0.8946594579455946,0.046462718074418596,0.7599780994553199,0.19466543585196538
svm,anova,1,expression,10,0.6726384456815855,0.15309333026237582,0.6394757656264165,0.22076298515952353
svm,anova,1,expression,100,0.9105952362630975,0.05210765950661633,0.743722786950246,0.23252140389485032
svm,anova,1,expression,150,0.8389713785445286,0.13689853608100966,0.6718574767283495,0.3150370374546645
svm,anova,1,expression,20,0.7891723139967225,0.11637339875273178,0.6905311327069578,0.2339578518569867
svm,anova,1,expression,50,0.8854103744784272,0.0665322542040534,0.6832770908061905,0.2855709582590711
svm,anova,1,expression,all,0.6802011951212549,0.30453793604299095,0.6304003678043965,0.3649632379053934
svm,anova,1,pairs,10,0.620253015691531,0.06285821825825799,0.628994379733805,0.13103997687426672
svm,anova,1,pairs,100,0.9184628567396613,0.05157991829987807,0.7637584251803994,0.2186028198460187
svm,anova,1,pairs,150,0.8958247754202014,0.07955176893525318,0.7831120195826078,0.20243778219366193
svm,anova,1,pairs,20,0.8385906560939729,0.037289381763620955,0.7731867071644752,0.12512203905934338
svm,anova,1,pairs,50,0.8894640242330044,0.06773435513045578,0.7877305777561532,0.1810817468889182
svm,anova,2,expression,10,0.6763400496935512,0.1515987892213143,0.6151036776751386,0.25891799067665955
svm,anova,2,expression,100,0.8754714408238963,0.09427017157762818,0.7369852592328667,0.2435951712852874
svm,anova,2,expression,150,0.8228913577235626,0.14602854298813783,0.7159166473979222,0.2627365482885179
svm,anova,2,expression,20,0.7995723719328237,0.09765338929479772,0.6814620264353426,0.2386896871058578
svm,anova,2,expression,50,0.8519656441647401,0.09845585478872065,0.7230717356293394,0.23734673841544485
svm,anova,2,expression,all,0.6964966553024737,0.2860382269289339,0.616140784807642,0.3708609463326251
svm,anova,2,pairs,10,0.6281889746850079,0.07842147058416682,0.631156900369055,0.16110379247562467
svm,anova,2,pairs,100,0.9090133405068749,0.05608078831707808,0.7838890769663994,0.1913227092571942
svm,anova,2,pairs,150,0.8801760495526922,0.09258628005754099,0.7444452262593838,0.23653112985567615
svm,anova,2,pairs,20,0.8116299625073683,0.054022697772918016,0.7230791259421316,0.1618141026043477
svm,anova,2,pairs,50,0.8979440027786656,0.04740635316267916,0.7607195680757629,0.20223901898765584
