seed,feature,size,class,n,sensitivity
0,expression,10,BRCA,7,0.8571428571428571
0,expression,10,CRC,1,1.0
0,expression,10,HNSC,2,1.0
0,expression,10,PAAD,1,1.0
0,expression,10,PRAD,1,1.0
0,expression,10,SKCM,368,0.8288043478260869
0,expression,100,BRCA,7,0.8571428571428571
0,expression,100,CRC,1,1.0
0,expression,100,HNSC,2,0.5
0,expression,100,PAAD,1,1.0
0,expression,100,PRAD,1,1.0
0,expression,100,SKCM,368,0.9239130434782609
0,expression,150,BRCA,7,0.8571428571428571
0,expression,150,CRC,1,1.0
0,expression,150,HNSC,2,0.5
0,expression,150,PAAD,1,1.0
0,expression,150,PRAD,1,1.0
0,expression,150,SKCM,368,0.9456521739130435
0,expression,20,BRCA,7,0.8571428571428571
0,expression,20,CRC,1,1.0
0,expression,20,HNSC,2,1.0
0,expression,20,PAAD,1,1.0
0,expression,20,PRAD,1,1.0
0,expression,20,SKCM,368,0.8695652173913043
0,expression,250,BRCA,7,0.8571428571428571
0,expression,250,CRC,1,1.0
0,expression,250,HNSC,2,0.5
0,expression,250,PAAD,1,1.0
0,expression,250,PRAD,1,1.0
0,expression,250,SKCM,368,0.9538043478260869
0,expression,50,BRCA,7,0.8571428571428571
0,expression,50,CRC,1,1.0
0,expression,50,HNSC,2,0.5
0,expression,50,PAAD,1,1.0
0,expression,50,PRAD,1,1.0
0,expression,50,SKCM,368,0.9130434782608695
0,expression,500,BRCA,7,0.8571428571428571
0,expression,500,CRC,1,1.0
0,expression,500,HNSC,2,1.0
0,expression,500,PAAD,1,1.0
0,expression,500,PRAD,1,1.0
0,expression,500,SKCM,368,0.9429347826086957
0,expression,all,BRCA,7,0.7142857142857143
0,expression,all,CRC,1,1.0
0,expression,all,HNSC,2,0.5
0,expression,all,PAAD,1,1.0
0,expression,all,PRAD,1,1.0
0,expression,all,SKCM,368,0.9728260869565217
0,pairs,10,BRCA,7,0.7142857142857143
0,pairs,10,CRC,1,1.0
0,pairs,10,HNSC,2,0.5
0,pairs,10,PAAD,1,1.0
0,pairs,10,PRAD,1,1.0
0,pairs,10,SKCM,368,0.7608695652173914
0,pairs,100,BRCA,7,0.8571428571428571
0,pairs,100,CRC,1,1.0
0,pairs,100,HNSC,2,0.5
0,pairs,100,PAAD,1,1.0
0,pairs,100,PRAD,1,1.0
0,pairs,100,SKCM,368,0.9402173913043478
0,pairs,150,BRCA,7,0.8571428571428571
0,pairs,150,CRC,1,1.0
0,pairs,150,HNSC,2,1.0
0,pairs,150,PAAD,1,1.0
0,pairs,150,PRAD,1,1.0
0,pairs,150,SKCM,368,0.9592391304347826
0,pairs,20,BRCA,7,0.8571428571428571
0,pairs,20,CRC,1,1.0
0,pairs,20,HNSC,2,0.5
0,pairs,20,PAAD,1,1.0
0,pairs,20,PRAD,1,1.0
0,pairs,20,SKCM,368,0.8940217391304348
0,pairs,50,BRCA,7,0.8571428571428571
0,pairs,50,CRC,1,1.0
0,pairs,50,HNSC,2,1.0
0,pairs,50,PAAD,1,1.0
0,pairs,50,PRAD,1,1.0
0,pairs,50,SKCM,368,0.9130434782608695
1,expression,10,BRCA,7,0.8571428571428571
1,expression,10,CRC,1,1.0
1,expression,10,HNSC,2,1.0
1,expression,10,PAAD,1,1.0
1,expression,10,PRAD,1,1.0
1,expression,10,SKCM,368,0.8206521739130435
1,expression,100,BRCA,7,0.8571428571428571
1,expression,100,CRC,1,1.0
1,expression,100,HNSC,2,0.5
1,expression,100,PAAD,1,1.0
1,expression,100,PRAD,1,1.0
1,expression,100,SKCM,368,0.9184782608695652
1,expression,150,BRCA,7,0.8571428571428571
1,expression,150,CRC,1,1.0
1,expression,150,HNSC,2,1.0
1,expression,150,PAAD,1,1.0
1,expression,150,PRAD,1,1.0
1,expression,150,SKCM,368,0.9293478260869565
1,expression,20,BRCA,7,0.8571428571428571
1,expression,20,CRC,1,1.0
1,expression,20,HNSC,2,1.0
1,expression,20,PAAD,1,1.0
1,expression,20,PRAD,1,1.0
1,expression,20,SKCM,368,0.8722826086956522
1,expression,250,BRCA,7,0.8571428571428571
1,expression,250,CRC,1,1.0
1,expression,250,HNSC,2,0.5
1,expression,250,PAAD,1,1.0
1,expression,250,PRAD,1,1.0
1,expression,250,SKCM,368,0.9456521739130435
1,expression,50,BRCA,7,0.8571428571428571
1,expression,50,CRC,1,1.0
1,expression,50,HNSC,2,0.5
1,expression,50,PAAD,1,1.0
1,expression,50,PRAD,1,1.0
1,expression,50,SKCM,368,0.9184782608695652
1,expression,500,BRCA,7,0.8571428571428571
1,expression,500,CRC,1,1.0
1,expression,500,HNSC,2,1.0
1,expression,500,PAAD,1,1.0
1,expression,500,PRAD,1,1.0
1,expression,500,SKCM,368,0.9402173913043478
1,expression,all,BRCA,7,0.8571428571428571
1,expression,all,CRC,1,1.0
1,expression,all,HNSC,2,0.5
1,expression,all,PAAD,1,1.0
1,expression,all,PRAD,1,1.0
1,expression,all,SKCM,368,0.9402173913043478
1,pairs,10,BRCA,7,0.7142857142857143
1,pairs,10,CRC,1,1.0
1,pairs,10,HNSC,2,0.5
1,pairs,10,PAAD,1,1.0
1,pairs,10,PRAD,1,1.0
1,pairs,10,SKCM,368,0.8179347826086957
1,pairs,100,BRCA,7,0.8571428571428571
1,pairs,100,CRC,1,1.0
1,pairs,100,HNSC,2,0.5
1,pairs,100,PAAD,1,1.0
1,pairs,100,PRAD,1,1.0
1,pairs,100,SKCM,368,0.9375
1,pairs,150,BRCA,7,0.8571428571428571
1,pairs,150,CRC,1,1.0
1,pairs,150,HNSC,2,1.0
1,pairs,150,PAAD,1,1.0
1,pairs,150,PRAD,1,1.0
1,pairs,150,SKCM,368,0.9375
1,pairs,20,BRCA,7,0.8571428571428571
1,pairs,20,CRC,1,1.0
1,pairs,20,HNSC,2,0.5
1,pairs,20,PAAD,1,1.0
1,pairs,20,PRAD,1,1.0
1,pairs,20,SKCM,368,0.8831521739130435
1,pairs,50,BRCA,7,0.8571428571428571
1,pairs,50,CRC,1,1.0
1,pairs,50,HNSC,2,1.0
1,pairs,50,PAAD,1,1.0
1,pairs,50,PRAD,1,1.0
1,pairs,50,SKCM,368,0.9184782608695652
2,expression,10,BRCA,7,0.8571428571428571
2,expression,10,CRC,1,1.0
2,expression,10,HNSC,2,1.0
2,expression,10,PAAD,1,1.0
2,expression,10,PRAD,1,1.0
2,expression,10,SKCM,368,0.8125
2,expression,100,BRCA,7,0.8571428571428571
2,expression,100,CRC,1,1.0
2,expression,100,HNSC,2,0.5
2,expression,100,PAAD,1,1.0
2,expression,100,PRAD,1,1.0
2,expression,100,SKCM,368,0.9021739130434783
2,expression,150,BRCA,7,0.8571428571428571
2,expression,150,CRC,1,1.0
2,expression,150,HNSC,2,0.5
2,expression,150,PAAD,1,1.0
2,expression,150,PRAD,1,1.0
2,expression,150,SKCM,368,0.9184782608695652
2,expression,20,BRCA,7,0.8571428571428571
2,expression,20,CRC,1,1.0
2,expression,20,HNSC,2,1.0
2,expression,20,PAAD,1,1.0
2,expression,20,PRAD,1,1.0
2,expression,20,SKCM,368,0.8586956521739131
2,expression,250,BRCA,7,0.8571428571428571
2,expression,250,CRC,1,1.0
2,expression,250,HNSC,2,0.5
2,expression,250,PAAD,1,1.0
2,expression,250,PRAD,1,1.0
2,expression,250,SKCM,368,0.9239130434782609
2,expression,50,BRCA,7,0.8571428571428571
2,expression,50,CRC,1,1.0
2,expression,50,HNSC,2,0.5
2,expression,50,PAAD,1,1.0
2,expression,50,PRAD,1,1.0
2,expression,50,SKCM,368,0.8858695652173914
2,expression,500,BRCA,7,0.8571428571428571
2,expression,500,CRC,1,1.0
2,expression,500,HNSC,2,0.5
2,expression,500,PAAD,1,1.0
2,expression,500,PRAD,1,1.0
2,expression,500,SKCM,368,0.9103260869565217
2,expression,all,BRCA,7,0.7142857142857143
2,expression,all,CRC,1,1.0
2,expression,all,HNSC,2,0.5
2,expression,all,PAAD,1,1.0
2,expression,all,PRAD,1,1.0
2,expression,all,SKCM,368,0.9483695652173914
2,pairs,10,BRCA,7,0.7142857142857143
2,pairs,10,CRC,1,1.0
2,pairs,10,HNSC,2,0.0
2,pairs,10,PAAD,1,1.0
2,pairs,10,PRAD,1,1.0
2,pairs,10,SKCM,368,0.7608695652173914
2,pairs,100,BRCA,7,0.8571428571428571
2,pairs,100,CRC,1,1.0
2,pairs,100,HNSC,2,1.0
2,pairs,100,PAAD,1,1.0
2,pairs,100,PRAD,1,1.0
2,pairs,100,SKCM,368,0.9429347826086957
2,pairs,150,BRCA,7,0.8571428571428571
2,pairs,150,CRC,1,1.0
2,pairs,150,HNSC,2,1.0
2,pairs,150,PAAD,1,1.0
2,pairs,150,PRAD,1,1.0
2,pairs,150,SKCM,368,0.9429347826086957
2,pairs,20,BRCA,7,0.8571428571428571
2,pairs,20,CRC,1,1.0
2,pairs,20,HNSC,2,0.5
2,pairs,20,PAAD,1,1.0
2,pairs,20,PRAD,1,1.0
2,pairs,20,SKCM,368,0.875
2,pairs,50,BRCA,7,0.8571428571428571
2,pairs,50,CRC,1,1.0
2,pairs,50,HNSC,2,1.0
2,pairs,50,PAAD,1,1.0
2,pairs,50,PRAD,1,1.0
2,pairs,50,SKCM,368,0.9347826086956522
3,expression,10,BRCA,7,0.8571428571428571
3,expression,10,CRC,1,1.0
3,expression,10,HNSC,2,1.0
3,expression,10,PAAD,1,1.0
3,expression,10,PRAD,1,1.0
3,expression,10,SKCM,368,0.8016304347826086
3,expression,100,BRCA,7,0.8571428571428571
3,expression,100,CRC,1,1.0
3,expression,100,HNSC,2,1.0
3,expression,100,PAAD,1,1.0
3,expression,100,PRAD,1,1.0
3,expression,100,SKCM,368,0.9103260869565217
3,expression,150,BRCA,7,0.8571428571428571
3,expression,150,CRC,1,1.0
3,expression,150,HNSC,2,1.0
3,expression,150,PAAD,1,1.0
3,expression,150,PRAD,1,1.0
3,expression,150,SKCM,368,0.9239130434782609
3,expression,20,BRCA,7,0.8571428571428571
3,expression,20,CRC,1,1.0
3,expression,20,HNSC,2,1.0
3,expression,20,PAAD,1,1.0
3,expression,20,PRAD,1,1.0
3,expression,20,SKCM,368,0.8559782608695652
3,expression,250,BRCA,7,0.8571428571428571
3,expression,250,CRC,1,1.0
3,expression,250,HNSC,2,1.0
3,expression,250,PAAD,1,1.0
3,expression,250,PRAD,1,1.0
3,expression,250,SKCM,368,0.9375
3,expression,50,BRCA,7,0.8571428571428571
3,expression,50,CRC,1,1.0
3,expression,50,HNSC,2,0.5
3,expression,50,PAAD,1,1.0
3,expression,50,PRAD,1,1.0
3,expression,50,SKCM,368,0.8940217391304348
3,expression,500,BRCA,7,0.8571428571428571
3,expression,500,CRC,1,1.0
3,expression,500,HNSC,2,1.0
3,expression,500,PAAD,1,1.0
3,expression,500,PRAD,1,1.0
3,expression,500,SKCM,368,0.9320652173913043
3,expression,all,BRCA,7,0.8571428571428571
3,expression,all,CRC,1,1.0
3,expression,all,HNSC,2,0.5
3,expression,all,PAAD,1,1.0
3,expression,all,PRAD,1,1.0
3,expression,all,SKCM,368,0.9130434782608695
3,pairs,10,BRCA,7,0.7142857142857143
3,pairs,10,CRC,1,1.0
3,pairs,10,HNSC,2,0.5
3,pairs,10,PAAD,1,1.0
3,pairs,10,PRAD,1,1.0
3,pairs,10,SKCM,368,0.7880434782608695
3,pairs,100,BRCA,7,0.8571428571428571
3,pairs,100,CRC,1,1.0
3,pairs,100,HNSC,2,1.0
3,pairs,100,PAAD,1,1.0
3,pairs,100,PRAD,1,1.0
3,pairs,100,SKCM,368,0.9239130434782609
3,pairs,150,BRCA,7,0.8571428571428571
3,pairs,150,CRC,1,1.0
3,pairs,150,HNSC,2,1.0
3,pairs,150,PAAD,1,1.0
3,pairs,150,PRAD,1,1.0
3,pairs,150,SKCM,368,0.9483695652173914
3,pairs,20,BRCA,7,0.8571428571428571
3,pairs,20,CRC,1,1.0
3,pairs,20,HNSC,2,0.5
3,pairs,20,PAAD,1,1.0
3,pairs,20,PRAD,1,1.0
3,pairs,20,SKCM,368,0.8614130434782609
3,pairs,50,BRCA,7,0.8571428571428571
3,pairs,50,CRC,1,1.0
3,pairs,50,HNSC,2,0.5
3,pairs,50,PAAD,1,1.0
3,pairs,50,PRAD,1,1.0
3,pairs,50,SKCM,368,0.9402173913043478
4,expression,10,BRCA,7,0.8571428571428571
4,expression,10,CRC,1,1.0
4,expression,10,HNSC,2,1.0
4,expression,10,PAAD,1,1.0
4,expression,10,PRAD,1,1.0
4,expression,10,SKCM,368,0.8206521739130435
4,expression,100,BRCA,7,0.8571428571428571
4,expression,100,CRC,1,1.0
4,expression,100,HNSC,2,0.5
4,expression,100,PAAD,1,1.0
4,expression,100,PRAD,1,1.0
4,expression,100,SKCM,368,0.9266304347826086
4,expression,150,BRCA,7,0.8571428571428571
4,expression,150,CRC,1,1.0
4,expression,150,HNSC,2,0.5
4,expression,150,PAAD,1,1.0
4,expression,150,PRAD,1,1.0
4,expression,150,SKCM,368,0.9293478260869565
4,expression,20,BRCA,7,0.8571428571428571
4,expression,20,CRC,1,1.0
4,expression,20,HNSC,2,1.0
4,expression,20,PAAD,1,1.0
4,expression,20,PRAD,1,1.0
4,expression,20,SKCM,368,0.8777173913043478
4,expression,250,BRCA,7,0.8571428571428571
4,expression,250,CRC,1,1.0
4,expression,250,HNSC,2,0.5
4,expression,250,PAAD,1,1.0
4,expression,250,PRAD,1,1.0
4,expression,250,SKCM,368,0.9402173913043478
4,expression,50,BRCA,7,0.8571428571428571
4,expression,50,CRC,1,1.0
4,expression,50,HNSC,2,0.5
4,expression,50,PAAD,1,1.0
4,expression,50,PRAD,1,1.0
4,expression,50,SKCM,368,0.8967391304347826
4,expression,500,BRCA,7,0.8571428571428571
4,expression,500,CRC,1,1.0
4,expression,500,HNSC,2,0.5
4,expression,500,PAAD,1,1.0
4,expression,500,PRAD,1,1.0
4,expression,500,SKCM,368,0.9456521739130435
4,expression,all,BRCA,7,0.7142857142857143
4,expression,all,CRC,1,1.0
4,expression,all,HNSC,2,1.0
4,expression,all,PAAD,1,1.0
4,expression,all,PRAD,1,1.0
4,expression,all,SKCM,368,0.9646739130434783
4,pairs,10,BRCA,7,0.7142857142857143
4,pairs,10,CRC,1,1.0
4,pairs,10,HNSC,2,0.5
4,pairs,10,PAAD,1,1.0
4,pairs,10,PRAD,1,1.0
4,pairs,10,SKCM,368,0.8043478260869565
4,pairs,100,BRCA,7,0.8571428571428571
4,pairs,100,CRC,1,1.0
4,pairs,100,HNSC,2,0.5
4,pairs,100,PAAD,1,1.0
4,pairs,100,PRAD,1,1.0
4,pairs,100,SKCM,368,0.9402173913043478
4,pairs,150,BRCA,7,0.8571428571428571
4,pairs,150,CRC,1,1.0
4,pairs,150,HNSC,2,0.5
4,pairs,150,PAAD,1,1.0
4,pairs,150,PRAD,1,1.0
4,pairs,150,SKCM,368,0.9592391304347826
4,pairs,20,BRCA,7,0.8571428571428571
4,pairs,20,CRC,1,1.0
4,pairs,20,HNSC,2,0.5
4,pairs,20,PAAD,1,1.0
4,pairs,20,PRAD,1,1.0
4,pairs,20,SKCM,368,0.8777173913043478
4,pairs,50,BRCA,7,0.8571428571428571
4,pairs,50,CRC,1,1.0
4,pairs,50,HNSC,2,1.0
4,pairs,50,PAAD,1,1.0
4,pairs,50,PRAD,1,1.0
4,pairs,50,SKCM,368,0.9239130434782609
