ensembl_id,gene,seeds_selected,highest_in,z_in_that_class,known_marker_of
ENSG00000107485,GATA3,5,BRCA,1.84,breast / urothelium
ENSG00000104447,TRPS1,5,BRCA,1.69,
ENSG00000113494,PRLR,5,BRCA,1.68,
ENSG00000115468,EFHD1,5,BRCA,1.57,
ENSG00000091831,ESR1,5,BRCA,1.26,breast / endometrium (oestrogen receptor)
ENSG00000087510,TFAP2C,5,BRCA,0.93,
ENSG00000104413,ESRP1,5,BRCA,0.5,
ENSG00000007952,NOX1,5,CRC,2.61,
ENSG00000106178,CCL24,5,CRC,2.11,
ENSG00000178623,GPR35,5,CRC,2.02,
ENSG00000198643,FAM3D,5,CRC,1.94,
ENSG00000196371,FUT4,5,CRC,1.84,
ENSG00000105388,CEACAM5,5,CRC,1.74,
ENSG00000170608,FOXA3,5,CRC,1.67,
ENSG00000142677,IL22RA1,5,CRC,1.62,
ENSG00000127324,TSPAN8,5,CRC,1.59,
ENSG00000176153,GPX2,5,CRC,1.49,
ENSG00000101311,FERMT1,5,CRC,1.47,
ENSG00000156510,HKDC1,5,CRC,1.41,
ENSG00000125798,FOXA2,5,CRC,1.37,
ENSG00000167600,CYP2S1,5,CRC,1.34,
ENSG00000157111,TMEM171,5,CRC,1.24,
ENSG00000166126,AMN,5,CRC,1.2,
ENSG00000167183,PRR15L,5,CRC,1.09,
ENSG00000119888,EPCAM,5,CRC,1.07,
ENSG00000102554,KLF5,5,CRC,1.06,
ENSG00000137648,TMPRSS4,5,CRC,1.04,
ENSG00000105289,TJP3,5,CRC,0.89,
ENSG00000170421,KRT8,5,CRC,0.85,
ENSG00000111057,KRT18,5,CRC,0.8,
ENSG00000006453,BAIAP2L1,5,CRC,0.76,
ENSG00000129354,AP1M2,5,CRC,0.63,
ENSG00000132698,RAB25,5,CRC,0.58,
ENSG00000103449,SALL1,5,GBM,2.19,
ENSG00000170439,METTL7B,5,GBM,1.69,
ENSG00000186847,KRT14,5,HNSC,2.16,
ENSG00000186832,KRT16,5,HNSC,2.15,
ENSG00000185479,KRT6B,5,HNSC,2.1,
ENSG00000205420,KRT6A,5,HNSC,2.09,
ENSG00000121552,CSTA,5,HNSC,2.05,
ENSG00000129194,SOX15,4,HNSC,2.04,
ENSG00000134762,DSC3,5,HNSC,2.02,
ENSG00000137440,FGFBP1,5,HNSC,1.93,
ENSG00000073282,TP63,5,HNSC,1.92,squamous epithelium
ENSG00000186081,KRT5,5,HNSC,1.9,squamous epithelium
ENSG00000081277,PKP1,5,HNSC,1.86,
ENSG00000124466,LYPD3,5,HNSC,1.84,
ENSG00000175793,SFN,5,HNSC,1.68,
ENSG00000163472,TMEM79,4,HNSC,1.48,
ENSG00000117595,IRF6,5,HNSC,1.12,
ENSG00000159166,LAD1,5,HNSC,1.06,
ENSG00000184363,PKP3,5,HNSC,0.98,
ENSG00000143217,NECTIN4,5,HNSC,0.89,
ENSG00000138792,ENPEP,5,KIRC,2.7,
ENSG00000147003,CLTRN,5,KIRC,2.62,
ENSG00000139194,RBP5,5,KIRC,2.59,
ENSG00000132840,BHMT2,5,KIRC,2.51,
ENSG00000082684,SEMA5B,4,KIRC,2.41,
ENSG00000128242,GAL3ST1,5,KIRC,2.3,
ENSG00000113361,CDH6,5,KIRC,2.07,
ENSG00000275410,HNF1B,5,KIRC,1.61,
ENSG00000095932,SMIM24,5,KIRC,1.59,
ENSG00000086548,CEACAM6,5,LUAD,1.26,
ENSG00000164736,SOX17,5,OV,2.07,
ENSG00000125618,PAX8,5,OV,1.84,"kidney / Mullerian (ovary, endometrium)"
ENSG00000165215,CLDN3,5,OV,1.1,
ENSG00000137309,HMGA1,5,OV,0.88,
ENSG00000125850,OVOL2,5,OV,0.64,
ENSG00000142675,CNKSR1,5,OV,0.51,
ENSG00000164266,SPINK1,5,PAAD,1.87,
ENSG00000014257,ACP3,5,PRAD,2.98,
ENSG00000158715,SLC45A3,5,PRAD,2.93,
ENSG00000167034,NKX3-1,5,PRAD,2.89,prostate
ENSG00000072042,RDH11,5,PRAD,2.86,
ENSG00000104154,SLC30A4,5,PRAD,2.83,
ENSG00000146205,ANO7,5,PRAD,2.7,
ENSG00000086205,FOLH1,5,PRAD,2.57,
ENSG00000124713,GNMT,5,PRAD,2.53,
ENSG00000159184,HOXB13,5,PRAD,2.47,
ENSG00000047648,ARHGAP6,5,PRAD,2.46,
ENSG00000184012,TMPRSS2,5,PRAD,1.97,prostate
ENSG00000143578,CREB3L4,5,PRAD,1.82,
ENSG00000080493,SLC4A4,5,PRAD,1.7,
ENSG00000103942,HOMER2,5,PRAD,1.66,
ENSG00000124664,SPDEF,5,PRAD,1.59,
ENSG00000129514,FOXA1,5,PRAD,1.41,
ENSG00000162078,ZG16B,5,PRAD,1.39,
ENSG00000169083,AR,5,PRAD,1.37,
ENSG00000160862,AZGP1,5,PRAD,1.31,
ENSG00000188959,C9orf152,5,PRAD,1.2,
ENSG00000167861,HID1,5,PRAD,1.19,
ENSG00000083307,GRHL2,5,PRAD,0.96,
ENSG00000182107,TMEM30B,5,PRAD,0.82,
ENSG00000185664,PMEL,5,SKCM,6.43,melanocyte
ENSG00000141448,GATA6,5,STAD,1.72,
ENSG00000106541,AGR2,5,STAD,0.89,
ENSG00000175707,KDF1,5,UCEC,0.46,
