"source","term_name","term_id","highlighted","adjusted_p_value","negative_log10_of_adjusted_p_value","term_size","query_size","intersection_size","effective_domain_size","intersections"
"GO:MF","RNA polymerase II cis-regulatory region sequence-specific DNA binding","GO:0000978","true","0.001030293497201208","2.9870390412579306","1076","96","22","18614","GATA3,ESR1,TFAP2C,FOXA3,FOXA2,KLF5,SALL1,SOX15,TP63,IRF6,HNF1B,SOX17,PAX8,HMGA1,OVOL2,NKX3-1,HOXB13,CREB3L4,FOXA1,AR,GRHL2,GATA6"
"GO:MF","cis-regulatory region sequence-specific DNA binding","GO:0000987","false","0.0015783397163367568","2.8017995150355595","1102","96","22","18614","GATA3,ESR1,TFAP2C,FOXA3,FOXA2,KLF5,SALL1,SOX15,TP63,IRF6,HNF1B,SOX17,PAX8,HMGA1,OVOL2,NKX3-1,HOXB13,CREB3L4,FOXA1,AR,GRHL2,GATA6"
"GO:MF","DNA-binding transcription factor activity, RNA polymerase II-specific","GO:0000981","true","0.003940359164208742","2.404464190376253","1264","96","23","18614","GATA3,TRPS1,ESR1,TFAP2C,FOXA3,FOXA2,KLF5,SALL1,SOX15,TP63,IRF6,HNF1B,SOX17,PAX8,OVOL2,NKX3-1,HOXB13,CREB3L4,SPDEF,FOXA1,AR,GRHL2,GATA6"
"GO:MF","RNA polymerase II transcription regulatory region sequence-specific DNA binding","GO:0000977","false","0.0045460841886900095","2.342362525860288","1274","96","23","18614","GATA3,TRPS1,ESR1,TFAP2C,FOXA3,FOXA2,KLF5,SALL1,SOX15,TP63,IRF6,HNF1B,SOX17,PAX8,HMGA1,OVOL2,NKX3-1,HOXB13,CREB3L4,FOXA1,AR,GRHL2,GATA6"
"GO:MF","sequence-specific double-stranded DNA binding","GO:1990837","false","0.010719141457479988","1.9698399977785586","1446","96","24","18614","GATA3,TRPS1,ESR1,TFAP2C,FOXA3,FOXA2,KLF5,SALL1,SOX15,TP63,IRF6,HNF1B,SOX17,PAX8,HMGA1,OVOL2,NKX3-1,HOXB13,CREB3L4,SPDEF,FOXA1,AR,GRHL2,GATA6"
"GO:MF","DNA-binding transcription factor activity","GO:0003700","false","0.011732190657717455","1.930620887992728","1343","96","23","18614","GATA3,TRPS1,ESR1,TFAP2C,FOXA3,FOXA2,KLF5,SALL1,SOX15,TP63,IRF6,HNF1B,SOX17,PAX8,OVOL2,NKX3-1,HOXB13,CREB3L4,SPDEF,FOXA1,AR,GRHL2,GATA6"
"GO:MF","DNA-binding transcription activator activity, RNA polymerase II-specific","GO:0001228","false","0.014190287945374334","1.8480087918703356","426","96","13","18614","GATA3,ESR1,TFAP2C,KLF5,SOX15,TP63,IRF6,SOX17,OVOL2,CREB3L4,FOXA1,AR,GRHL2"
"GO:MF","DNA-binding transcription activator activity","GO:0001216","false","0.01663967116040735","1.7788552606553716","432","96","13","18614","GATA3,ESR1,TFAP2C,KLF5,SOX15,TP63,IRF6,SOX17,OVOL2,CREB3L4,FOXA1,AR,GRHL2"
"GO:MF","transcription cis-regulatory region binding","GO:0000976","false","0.017593315849897033","1.7546523004175005","1374","96","23","18614","GATA3,TRPS1,ESR1,TFAP2C,FOXA3,FOXA2,KLF5,SALL1,SOX15,TP63,IRF6,HNF1B,SOX17,PAX8,HMGA1,OVOL2,NKX3-1,HOXB13,CREB3L4,FOXA1,AR,GRHL2,GATA6"
"GO:MF","transcription regulatory region nucleic acid binding","GO:0001067","false","0.017821145097703973","1.7490643938100072","1375","96","23","18614","GATA3,TRPS1,ESR1,TFAP2C,FOXA3,FOXA2,KLF5,SALL1,SOX15,TP63,IRF6,HNF1B,SOX17,PAX8,HMGA1,OVOL2,NKX3-1,HOXB13,CREB3L4,FOXA1,AR,GRHL2,GATA6"
"GO:MF","double-stranded DNA binding","GO:0003690","false","0.033825643741948706","1.4707539295147956","1540","96","24","18614","GATA3,TRPS1,ESR1,TFAP2C,FOXA3,FOXA2,KLF5,SALL1,SOX15,TP63,IRF6,HNF1B,SOX17,PAX8,HMGA1,OVOL2,NKX3-1,HOXB13,CREB3L4,SPDEF,FOXA1,AR,GRHL2,GATA6"
"GO:MF","sequence-specific DNA binding","GO:0043565","false","0.041217089649237475","1.384922677134667","1557","96","24","18614","GATA3,TRPS1,ESR1,TFAP2C,FOXA3,FOXA2,KLF5,SALL1,SOX15,TP63,IRF6,HNF1B,SOX17,PAX8,HMGA1,OVOL2,NKX3-1,HOXB13,CREB3L4,SPDEF,FOXA1,AR,GRHL2,GATA6"
"GO:BP","epithelial cell differentiation","GO:0030855","true","8.224437847157312e-17","16.08489377705228","734","96","32","18614","GATA3,PRLR,ESR1,ESRP1,KLF5,TJP3,RAB25,SALL1,KRT14,KRT16,KRT6B,KRT6A,CSTA,TP63,KRT5,PKP1,SFN,TMEM79,IRF6,HNF1B,SOX17,PAX8,CLDN3,OVOL2,HOXB13,SPDEF,FOXA1,AR,GRHL2,GATA6,AGR2,KDF1"
"GO:BP","epithelium development","GO:0060429","false","3.906369953666103e-14","13.408226629141502","1209","96","36","18614","GATA3,PRLR,ESR1,ESRP1,FERMT1,EPCAM,KLF5,TJP3,RAB25,SALL1,KRT14,KRT16,KRT6B,KRT6A,CSTA,TP63,KRT5,PKP1,SFN,TMEM79,IRF6,PKP3,HNF1B,SOX17,PAX8,CLDN3,OVOL2,NKX3-1,HOXB13,SPDEF,FOXA1,AR,GRHL2,GATA6,AGR2,KDF1"
"GO:BP","tissue development","GO:0009888","false","1.7626145331132682e-10","9.753842653353308","1981","96","40","18614","GATA3,TRPS1,PRLR,ESR1,ESRP1,FERMT1,FOXA2,EPCAM,KLF5,TJP3,RAB25,SALL1,KRT14,KRT16,KRT6B,KRT6A,CSTA,SOX15,TP63,KRT5,PKP1,SFN,TMEM79,IRF6,PKP3,SEMA5B,HNF1B,SOX17,PAX8,CLDN3,OVOL2,NKX3-1,HOXB13,SPDEF,FOXA1,AR,GRHL2,GATA6,AGR2,KDF1"
"GO:BP","epidermis development","GO:0008544","false","5.037402252652519e-9","8.29779336795664","389","96","19","18614","ESRP1,FERMT1,KRT14,KRT16,KRT6B,KRT6A,CSTA,TP63,KRT5,PKP1,SFN,TMEM79,IRF6,PKP3,OVOL2,HOXB13,GRHL2,GATA6,KDF1"
"GO:BP","epidermal cell differentiation","GO:0009913","false","7.316091940227628e-9","8.135720845447858","247","96","16","18614","ESRP1,KRT14,KRT16,KRT6B,KRT6A,CSTA,TP63,KRT5,PKP1,SFN,TMEM79,IRF6,OVOL2,GRHL2,GATA6,KDF1"
"GO:BP","keratinocyte differentiation","GO:0030216","false","1.4108878646287598e-8","7.8505075019849855","174","96","14","18614","KRT14,KRT16,KRT6B,KRT6A,CSTA,TP63,KRT5,PKP1,SFN,TMEM79,IRF6,OVOL2,GRHL2,KDF1"
"GO:BP","skin development","GO:0043588","false","2.9936137759710215e-8","7.523804231309047","320","96","17","18614","FERMT1,KRT14,KRT16,KRT6B,KRT6A,CSTA,TP63,KRT5,PKP1,SFN,TMEM79,IRF6,PKP3,OVOL2,GRHL2,GATA6,KDF1"
"GO:BP","epithelial cell development","GO:0002064","false","2.1126013895838215e-7","6.675182438884718","212","96","14","18614","ESR1,KLF5,TJP3,RAB25,TP63,SFN,TMEM79,CLDN3,HOXB13,SPDEF,FOXA1,AR,GRHL2,KDF1"
"GO:BP","morphogenesis of an epithelium","GO:0002009","false","0.0000031736208610744666","5.4984449577885846","494","96","18","18614","GATA3,ESR1,FERMT1,SALL1,KRT16,KRT6A,TP63,TMEM79,HNF1B,SOX17,PAX8,OVOL2,NKX3-1,HOXB13,FOXA1,AR,GRHL2,KDF1"
"GO:BP","animal organ development","GO:0048513","false","0.000016694238127972463","4.77743339597873","2953","96","41","18614","GATA3,TRPS1,PRLR,ESR1,TFAP2C,ESRP1,FERMT1,FOXA2,EPCAM,KLF5,KRT8,SALL1,KRT14,KRT16,KRT6B,KRT6A,CSTA,SOX15,TP63,KRT5,PKP1,SFN,TMEM79,IRF6,PKP3,ENPEP,SEMA5B,HNF1B,SOX17,PAX8,CLDN3,OVOL2,NKX3-1,HOXB13,SPDEF,FOXA1,AR,GRHL2,GATA6,AGR2,KDF1"
"GO:BP","tissue morphogenesis","GO:0048729","false","0.00007809469192412578","4.107378484002394","603","96","18","18614","GATA3,ESR1,FERMT1,SALL1,KRT16,KRT6A,TP63,TMEM79,HNF1B,SOX17,PAX8,OVOL2,NKX3-1,HOXB13,FOXA1,AR,GRHL2,KDF1"
"GO:BP","urogenital system development","GO:0001655","false","0.00008356982432536167","4.077950510775344","66","96","8","18614","PRLR,ESR1,TP63,PAX8,NKX3-1,HOXB13,FOXA1,AR"
"GO:BP","prostate gland epithelium morphogenesis","GO:0060740","false","0.0001701408371991124","3.7691914345259434","26","96","6","18614","ESR1,TP63,NKX3-1,HOXB13,FOXA1,AR"
"GO:BP","reproductive structure development","GO:0048608","false","0.00022383424051481573","3.650073477552098","299","96","13","18614","GATA3,PRLR,ESR1,TFAP2C,SALL1,SOX15,TP63,HNF1B,NKX3-1,HOXB13,FOXA1,AR,GATA6"
"GO:BP","reproductive system development","GO:0061458","false","0.0002625576409811189","3.5807753383076077","303","96","13","18614","GATA3,PRLR,ESR1,TFAP2C,SALL1,SOX15,TP63,HNF1B,NKX3-1,HOXB13,FOXA1,AR,GATA6"
"GO:BP","prostate gland morphogenesis","GO:0060512","false","0.0002761105577928941","3.5589169866836974","28","96","6","18614","ESR1,TP63,NKX3-1,HOXB13,FOXA1,AR"
"GO:BP","prostate gland development","GO:0030850","false","0.0002797601691135317","3.553214118170032","49","96","7","18614","PRLR,ESR1,TP63,NKX3-1,HOXB13,FOXA1,AR"
"GO:BP","positive regulation of transcription by RNA polymerase II","GO:0045944","true","0.00042770447223234025","3.368856208579587","1220","96","24","18614","GATA3,ESR1,TFAP2C,FOXA3,FOXA2,EPCAM,KLF5,SALL1,SOX15,TP63,PKP1,IRF6,HNF1B,SOX17,PAX8,HMGA1,OVOL2,NKX3-1,CREB3L4,SPDEF,FOXA1,AR,GRHL2,GATA6"
"GO:BP","regulation of stem cell proliferation","GO:0072091","true","0.00048479645163380377","3.314440567557732","82","96","8","18614","FERMT1,EPCAM,TP63,SFN,IRF6,SOX17,OVOL2,KDF1"
"GO:BP","tube morphogenesis","GO:0035239","false","0.0007282386348550908","3.137726284397837","869","96","20","18614","GATA3,ESR1,NOX1,CCL24,KLF5,SALL1,FGFBP1,TP63,ENPEP,HNF1B,SOX17,PAX8,OVOL2,NKX3-1,HOXB13,FOXA1,AR,GRHL2,GATA6,AGR2"
"GO:BP","tube development","GO:0035295","false","0.0010829850722854876","2.965377529587718","1079","96","22","18614","GATA3,ESR1,NOX1,CCL24,EPCAM,KLF5,SALL1,FGFBP1,TP63,ENPEP,HNF1B,SOX17,PAX8,OVOL2,NKX3-1,HOXB13,SPDEF,FOXA1,AR,GRHL2,GATA6,AGR2"
"GO:BP","digestive tract development","GO:0048565","false","0.0012414939240255212","2.9060554015775164","131","96","9","18614","KLF5,SALL1,TP63,HNF1B,SOX17,OVOL2,SPDEF,GATA6,AGR2"
"GO:BP","developmental process involved in reproduction","GO:0003006","false","0.0013144363993794015","2.8812604229214895","994","96","21","18614","GATA3,PRLR,ESR1,TFAP2C,FOXA3,TSPAN8,KRT8,SALL1,SOX15,TP63,GAL3ST1,HNF1B,SOX17,SPINK1,NKX3-1,HOXB13,CREB3L4,FOXA1,AR,GRHL2,GATA6"
"GO:BP","anatomical structure development","GO:0048856","false","0.0018250075792545538","2.7387353275792354","5817","96","56","18614","GATA3,TRPS1,PRLR,EFHD1,ESR1,TFAP2C,ESRP1,NOX1,CCL24,FAM3D,CEACAM5,FOXA3,FERMT1,FOXA2,EPCAM,KLF5,TJP3,KRT8,KRT18,RAB25,SALL1,KRT14,KRT16,KRT6B,KRT6A,CSTA,SOX15,DSC3,FGFBP1,TP63,KRT5,PKP1,SFN,TMEM79,IRF6,PKP3,ENPEP,SEMA5B,GAL3ST1,CDH6,HNF1B,SOX17,PAX8,CLDN3,OVOL2,SPINK1,SLC45A3,NKX3-1,HOXB13,SPDEF,FOXA1,AR,GRHL2,GATA6,AGR2,KDF1"
"GO:BP","epithelial cell proliferation","GO:0050673","true","0.0021918462776035095","2.6591899078197754","431","96","14","18614","GATA3,ESR1,CCL24,FERMT1,FGFBP1,TP63,SFN,IRF6,HNF1B,OVOL2,NKX3-1,AR,GATA6,KDF1"
"GO:BP","regulation of epidermis development","GO:0045682","false","0.0023619843899283875","2.6267229769131752","66","96","7","18614","ESRP1,TP63,PKP1,SFN,TMEM79,OVOL2,KDF1"
"GO:BP","morphogenesis of a branching epithelium","GO:0061138","false","0.00255428986932188","2.592729819091568","190","96","10","18614","ESR1,SALL1,TP63,HNF1B,PAX8,NKX3-1,HOXB13,FOXA1,AR,GRHL2"
"GO:BP","digestive system development","GO:0055123","false","0.0028260751182293776","2.5488162986095646","144","96","9","18614","KLF5,SALL1,TP63,HNF1B,SOX17,OVOL2,SPDEF,GATA6,AGR2"
"GO:BP","prostate glandular acinus development","GO:0060525","false","0.0041032174382036185","2.386875468236631","9","96","4","18614","ESR1,TP63,HOXB13,FOXA1"
"GO:BP","morphogenesis of a branching structure","GO:0001763","false","0.00454536641576949","2.3424311012357366","202","96","10","18614","ESR1,SALL1,TP63,HNF1B,PAX8,NKX3-1,HOXB13,FOXA1,AR,GRHL2"
"GO:BP","negative regulation of stem cell proliferation","GO:2000647","false","0.005134150377739739","2.289531415121893","23","96","5","18614","FERMT1,SFN,IRF6,OVOL2,KDF1"
"GO:BP","cell adhesion","GO:0007155","true","0.0052843977331853845","2.277004502407419","1502","96","25","18614","GATA3,PRLR,FUT4,CEACAM5,FERMT1,FOXA2,EPCAM,TJP3,KRT18,BAIAP2L1,CSTA,DSC3,PKP1,LYPD3,SFN,PKP3,NECTIN4,CDH6,CEACAM6,CLDN3,ARHGAP6,FOXA1,AZGP1,GRHL2,AGR2"
"GO:BP","regulation of epithelial cell differentiation","GO:0030856","false","0.0053303917353829","2.2732408731003404","155","96","9","18614","GATA3,PRLR,ESRP1,TP63,PKP1,SFN,PAX8,OVOL2,KDF1"
"GO:BP","epidermal cell division","GO:0010481","false","0.006647273766738416","2.1773564345197594","3","96","3","18614","TP63,SFN,KDF1"
"GO:BP","regulation of epidermal cell division","GO:0010482","true","0.006647273766738416","2.1773564345197594","3","96","3","18614","TP63,SFN,KDF1"
"GO:BP","developmental process","GO:0032502","false","0.006725665913814895","2.1722647093363117","6372","96","58","18614","GATA3,TRPS1,PRLR,EFHD1,ESR1,TFAP2C,ESRP1,NOX1,CCL24,FAM3D,CEACAM5,FOXA3,TSPAN8,FERMT1,FOXA2,EPCAM,KLF5,TJP3,KRT8,KRT18,RAB25,SALL1,KRT14,KRT16,KRT6B,KRT6A,CSTA,SOX15,DSC3,FGFBP1,TP63,KRT5,PKP1,SFN,TMEM79,IRF6,PKP3,ENPEP,SEMA5B,GAL3ST1,CDH6,HNF1B,SOX17,PAX8,CLDN3,OVOL2,SPINK1,SLC45A3,NKX3-1,HOXB13,CREB3L4,SPDEF,FOXA1,AR,GRHL2,GATA6,AGR2,KDF1"
"GO:BP","stem cell proliferation","GO:0072089","false","0.008004628146696871","2.096658838334144","117","96","8","18614","FERMT1,EPCAM,TP63,SFN,IRF6,SOX17,OVOL2,KDF1"
"GO:BP","epithelial cell differentiation involved in prostate gland development","GO:0060742","false","0.010661744296909005","1.9721717374716334","11","96","4","18614","TP63,HOXB13,FOXA1,AR"
"GO:BP","gland development","GO:0048732","false","0.012069341623183042","1.9183164198129352","420","96","13","18614","GATA3,PRLR,ESR1,SALL1,TP63,IRF6,HNF1B,PAX8,NKX3-1,HOXB13,FOXA1,AR,GATA6"
"GO:BP","lung cell differentiation","GO:0060479","false","0.017681685048789343","1.752476349474555","29","96","5","18614","SPDEF,FOXA1,GRHL2,GATA6,AGR2"
"GO:BP","lung epithelial cell differentiation","GO:0060487","false","0.017681685048789343","1.752476349474555","29","96","5","18614","SPDEF,FOXA1,GRHL2,GATA6,AGR2"
"GO:BP","regulation of cell population proliferation","GO:0042127","false","0.020076433082829106","1.6973134444178442","1611","96","25","18614","GATA3,PRLR,ESR1,TFAP2C,NOX1,CCL24,FERMT1,EPCAM,RAB25,KRT6A,SOX15,FGFBP1,TP63,SFN,IRF6,CEACAM6,SOX17,CLDN3,HMGA1,OVOL2,NKX3-1,AR,AZGP1,GATA6,KDF1"
"GO:BP","skin epidermis development","GO:0098773","false","0.022769436463611164","1.6426477179036374","134","96","8","18614","FERMT1,KRT16,TP63,SFN,TMEM79,PKP3,GATA6,KDF1"
"GO:BP","keratinocyte proliferation","GO:0043616","false","0.023581086286004253","1.6274361925763403","57","96","6","18614","FERMT1,TP63,SFN,IRF6,OVOL2,KDF1"
"GO:BP","anatomical structure morphogenesis","GO:0009653","false","0.026646282125318065","1.5743633781982835","2646","96","33","18614","GATA3,ESR1,TFAP2C,NOX1,CCL24,FOXA3,FERMT1,FOXA2,KLF5,KRT18,RAB25,SALL1,KRT16,KRT6A,FGFBP1,TP63,TMEM79,ENPEP,SEMA5B,CDH6,HNF1B,SOX17,PAX8,CLDN3,OVOL2,NKX3-1,HOXB13,FOXA1,AR,GRHL2,GATA6,AGR2,KDF1"
"GO:BP","regulation of epidermal cell differentiation","GO:0045604","false","0.029037820900287708","1.5370359777270808","59","96","6","18614","ESRP1,TP63,PKP1,SFN,OVOL2,KDF1"
"GO:BP","intermediate filament cytoskeleton organization","GO:0045104","true","0.029681284022283556","1.5275173152619361","95","96","7","18614","KRT18,KRT14,KRT16,KRT6B,KRT6A,KRT5,PKP1"
"GO:BP","intermediate filament-based process","GO:0045103","false","0.031882028653086814","1.4964540522442236","96","96","7","18614","KRT18,KRT14,KRT16,KRT6B,KRT6A,KRT5,PKP1"
"GO:BP","stem cell differentiation","GO:0048863","false","0.03270203865289342","1.4854251724741394","250","96","10","18614","ESR1,EPCAM,KRT14,TP63,SEMA5B,HNF1B,SOX17,OVOL2,FOXA1,GATA6"
"GO:BP","positive regulation of epidermis development","GO:0045684","false","0.03476601095759394","1.458845137285964","33","96","5","18614","PKP1,SFN,TMEM79,OVOL2,KDF1"
"GO:BP","cell population proliferation","GO:0008283","false","0.045557420341128425","1.341440875535245","1926","96","27","18614","GATA3,PRLR,ESR1,TFAP2C,NOX1,CCL24,FERMT1,EPCAM,RAB25,KRT6A,SOX15,FGFBP1,TP63,SFN,IRF6,ENPEP,HNF1B,CEACAM6,SOX17,CLDN3,HMGA1,OVOL2,NKX3-1,AR,AZGP1,GATA6,KDF1"
"GO:BP","negative regulation of transcription by RNA polymerase II","GO:0000122","true","0.04898131947607071","1.3099695198756973","923","96","18","18614","GATA3,TRPS1,ESR1,TFAP2C,FOXA2,KLF5,SALL1,SOX15,TP63,SFN,HNF1B,OVOL2,NKX3-1,HOXB13,SPDEF,FOXA1,AR,GATA6"
"GO:BP","cell differentiation","GO:0030154","false","0.04959697662714146","1.3045447967793367","4339","96","44","18614","GATA3,TRPS1,PRLR,EFHD1,ESR1,ESRP1,CEACAM5,FOXA3,FOXA2,EPCAM,KLF5,TJP3,KRT8,RAB25,SALL1,KRT14,KRT16,KRT6B,KRT6A,CSTA,SOX15,TP63,KRT5,PKP1,SFN,TMEM79,IRF6,SEMA5B,HNF1B,SOX17,PAX8,CLDN3,OVOL2,SPINK1,SLC45A3,NKX3-1,HOXB13,SPDEF,FOXA1,AR,GRHL2,GATA6,AGR2,KDF1"
"GO:BP","cellular developmental process","GO:0048869","false","0.04993007109423908","1.3016378155628805","4340","96","44","18614","GATA3,TRPS1,PRLR,EFHD1,ESR1,ESRP1,CEACAM5,FOXA3,FOXA2,EPCAM,KLF5,TJP3,KRT8,RAB25,SALL1,KRT14,KRT16,KRT6B,KRT6A,CSTA,SOX15,TP63,KRT5,PKP1,SFN,TMEM79,IRF6,SEMA5B,HNF1B,SOX17,PAX8,CLDN3,OVOL2,SPINK1,SLC45A3,NKX3-1,HOXB13,SPDEF,FOXA1,AR,GRHL2,GATA6,AGR2,KDF1"
"GO:CC","extracellular exosome","GO:0070062","true","0.004307162073181064","2.3658087859657755","2071","96","30","18614","CEACAM5,TSPAN8,AMN,EPCAM,KRT8,KRT18,BAIAP2L1,RAB25,KRT14,KRT16,KRT6B,KRT6A,KRT5,SFN,IRF6,LAD1,NECTIN4,ENPEP,CLTRN,RBP5,BHMT2,SPINK1,ACP3,FOLH1,TMPRSS2,SLC4A4,ZG16B,AZGP1,HID1,PMEL"
"GO:CC","extracellular vesicle","GO:1903561","false","0.005932399053924207","2.2267696430299964","2101","96","30","18614","CEACAM5,TSPAN8,AMN,EPCAM,KRT8,KRT18,BAIAP2L1,RAB25,KRT14,KRT16,KRT6B,KRT6A,KRT5,SFN,IRF6,LAD1,NECTIN4,ENPEP,CLTRN,RBP5,BHMT2,SPINK1,ACP3,FOLH1,TMPRSS2,SLC4A4,ZG16B,AZGP1,HID1,PMEL"
"GO:CC","extracellular membrane-bounded organelle","GO:0065010","false","0.005995382548301698","2.222183100585823","2102","96","30","18614","CEACAM5,TSPAN8,AMN,EPCAM,KRT8,KRT18,BAIAP2L1,RAB25,KRT14,KRT16,KRT6B,KRT6A,KRT5,SFN,IRF6,LAD1,NECTIN4,ENPEP,CLTRN,RBP5,BHMT2,SPINK1,ACP3,FOLH1,TMPRSS2,SLC4A4,ZG16B,AZGP1,HID1,PMEL"
"GO:CC","extracellular organelle","GO:0043230","false","0.005995382548301698","2.222183100585823","2102","96","30","18614","CEACAM5,TSPAN8,AMN,EPCAM,KRT8,KRT18,BAIAP2L1,RAB25,KRT14,KRT16,KRT6B,KRT6A,KRT5,SFN,IRF6,LAD1,NECTIN4,ENPEP,CLTRN,RBP5,BHMT2,SPINK1,ACP3,FOLH1,TMPRSS2,SLC4A4,ZG16B,AZGP1,HID1,PMEL"
"GO:CC","extracellular space","GO:0005615","false","0.006787745085385525","2.1682744760316193","3177","96","38","18614","CCL24,FAM3D,CEACAM5,TSPAN8,AMN,EPCAM,TMPRSS4,KRT8,KRT18,BAIAP2L1,RAB25,KRT14,KRT16,KRT6B,KRT6A,CSTA,FGFBP1,KRT5,LYPD3,SFN,IRF6,LAD1,NECTIN4,ENPEP,CLTRN,RBP5,BHMT2,CEACAM6,SPINK1,ACP3,FOLH1,TMPRSS2,SLC4A4,ZG16B,AZGP1,HID1,PMEL,AGR2"
"GO:CC","chromatin","GO:0000785","true","0.015865272956136236","1.7995524516238264","1366","96","23","18614","GATA3,TRPS1,ESR1,TFAP2C,FOXA3,FOXA2,KLF5,SALL1,SOX15,TP63,IRF6,HNF1B,SOX17,PAX8,HMGA1,NKX3-1,HOXB13,CREB3L4,SPDEF,FOXA1,AR,GRHL2,GATA6"
"GO:CC","keratin filament","GO:0045095","true","0.029681284022283556","1.5275173152619361","95","96","7","18614","KRT8,KRT18,KRT14,KRT16,KRT6B,KRT6A,KRT5"
"GO:CC","anchoring junction","GO:0070161","true","0.02991383078744707","1.524127967332494","892","96","18","18614","NOX1,FERMT1,EPCAM,TJP3,KRT8,KRT18,BAIAP2L1,DSC3,PKP1,PKP3,NECTIN4,CDH6,CLDN3,HMGA1,CNKSR1,ANO7,GRHL2,KDF1"
"GO:CC","cornified envelope","GO:0001533","true","0.032130785593304775","1.4930786558781002","60","96","6","18614","KRT14,KRT16,CSTA,DSC3,PKP1,PKP3"
"KEGG","Cornified envelope formation","KEGG:04382","false","9.508578034479821e-7","6.0218844250134405","211","96","11","18614","KRT8,KRT18,KRT14,KRT16,KRT6B,KRT6A,KRT5,PKP1,TMEM79,PKP3,CLDN3"
"KEGG","Cadherin signaling","KEGG:04519","false","0.0005269155967121223","3.2782589461116665","398","96","11","18614","KRT8,KRT18,KRT14,KRT16,KRT6B,KRT6A,DSC3,KRT5,PKP1,PKP3,CDH6"
"KEGG","Prostate cancer","KEGG:05215","false","0.017277280989577686","1.7625246035316595","105","96","5","18614","NKX3-1,FOLH1,TMPRSS2,CREB3L4,AR"
"KEGG","Maturity onset diabetes of the young","KEGG:04950","false","0.025951130718598333","1.5858437147269078","26","96","3","18614","FOXA3,FOXA2,HNF1B"
"REAC","Formation of the cornified envelope","REAC:R-HSA-6809371","false","2.4041731289183075e-8","7.619034261200676","129","96","11","18614","KRT8,KRT18,KRT14,KRT16,KRT6B,KRT6A,CSTA,DSC3,KRT5,PKP1,PKP3"
"REAC","Keratinization","REAC:R-HSA-6805567","false","0.000005786197865948356","5.237606719215475","216","96","11","18614","KRT8,KRT18,KRT14,KRT16,KRT6B,KRT6A,CSTA,DSC3,KRT5,PKP1,PKP3"
"REAC","Developmental Biology","REAC:R-HSA-1266738","false","0.00003465679423622071","4.460211612133042","1379","96","24","18614","GATA3,TFAP2C,FOXA3,FOXA2,KLF5,KRT8,KRT18,SALL1,KRT14,KRT16,KRT6B,KRT6A,CSTA,DSC3,TP63,KRT5,PKP1,PKP3,HNF1B,SOX17,PAX8,FOXA1,PMEL,GATA6"
"REAC","Gastrulation","REAC:R-HSA-9758941","false","0.016416203733596733","1.78472726671522","123","96","6","18614","TFAP2C,FOXA2,SOX17,PAX8,FOXA1,GATA6"
"REAC","Formation of definitive endoderm","REAC:R-HSA-9823730","false","0.022589109263083326","1.646100893902773","15","96","3","18614","FOXA2,SOX17,GATA6"
"REAC","Kidney development","REAC:R-HSA-9830369","false","0.032880032291764914","1.4830677646074","45","96","4","18614","GATA3,SALL1,HNF1B,PAX8"
"WP","Pancreatic cancer subtypes","WP:WP5390","false","7.668834743825132e-7","6.115270620767091","48","96","7","18614","FAM3D,TSPAN8,PRR15L,KRT6A,FGFBP1,CEACAM6,AGR2"
"WP","Mesodermal commitment pathway","WP:WP2857","false","0.001462626049703013","2.8348666959592705","143","96","7","18614","GATA3,FOXA2,KLF5,SOX17,FOXA1,GRHL2,GATA6"
"WP","GDNF RET signaling axis","WP:WP4830","false","0.002615651628881272","2.5824200989293407","30","96","4","18614","GATA3,SALL1,HNF1B,SOX17"
"WP","WIKIPATHWAYS","WP:000000","false","0.005709259788717768","2.243420194821376","8573","96","64","18614","GATA3,PRLR,ESR1,TFAP2C,NOX1,CCL24,GPR35,FAM3D,FUT4,IL22RA1,TSPAN8,GPX2,HKDC1,FOXA2,CYP2S1,AMN,PRR15L,KLF5,TMPRSS4,TJP3,KRT8,KRT18,RAB25,SALL1,KRT14,KRT16,KRT6A,CSTA,SOX15,DSC3,FGFBP1,TP63,PKP1,SFN,IRF6,NECTIN4,CLTRN,BHMT2,SEMA5B,GAL3ST1,CDH6,HNF1B,CEACAM6,SOX17,PAX8,CLDN3,HMGA1,SPINK1,NKX3-1,RDH11,SLC30A4,ANO7,FOLH1,GNMT,TMPRSS2,CREB3L4,SLC4A4,HOMER2,FOXA1,AR,GRHL2,PMEL,GATA6,AGR2"
"WP","Endoderm differentiation","WP:WP2853","false","0.013236709880194172","1.8782199498240566","139","96","6","18614","FOXA2,HNF1B,SOX17,FOXA1,GRHL2,GATA6"
"HPA","Kidney; distal tubules[≥Low]","HPA:0271131","false","5.475800625676181e-7","6.261552372945822","696","96","19","18614","GATA3,FUT4,TSPAN8,GPX2,EPCAM,KRT18,BAIAP2L1,BHMT2,HNF1B,PAX8,CLDN3,HMGA1,ACP3,RDH11,TMPRSS2,CREB3L4,SLC4A4,AR,AGR2"
"HPA","Rectum; endocrine cells[≥Low]","HPA:0401291","false","0.0000017502326818935974","5.75690421088799","440","96","15","18614","CEACAM5,TSPAN8,GPX2,EPCAM,TJP3,KRT8,KRT18,ENPEP,CLDN3,HMGA1,SPINK1,HOXB13,TMPRSS2,CREB3L4,AGR2"
"HPA","Skin 1; cells in corneal layer[High]","HPA:0461403","false","0.0000025870817850258926","5.5871898417805514","31","96","6","18614","KRT6B,KRT6A,CSTA,DSC3,LYPD3,AZGP1"
"HPA","Rectum; goblet cells[≥Medium]","HPA:0400892","false","0.000004368110836009469","5.359706350418564","336","96","13","18614","CEACAM5,TSPAN8,GPX2,EPCAM,TJP3,KRT8,KRT18,CLDN3,HMGA1,SPINK1,HOXB13,CREB3L4,AGR2"
"HPA","Skin 1; hair follicles[≥Medium]","HPA:0461452","false","0.000006119540493906406","5.213281187078787","284","96","12","18614","TFAP2C,EPCAM,KRT18,KRT14,KRT6B,KRT6A,SOX15,TP63,KRT5,PKP1,HMGA1,AZGP1"
"HPA","Skin 2; cells in corneal layer[High]","HPA:0471403","false","0.000006703446750883955","5.173701836107054","36","96","6","18614","KRT6B,KRT6A,CSTA,DSC3,LYPD3,AZGP1"
"HPA","Colon; endocrine cells[≥Low]","HPA:0131291","false","0.000012276660846657886","4.910919741751116","436","96","14","18614","CEACAM5,TSPAN8,EPCAM,TJP3,KRT8,KRT18,CLDN3,HMGA1,SPINK1,HOXB13,TMPRSS2,CREB3L4,AZGP1,AGR2"
"HPA","Skin 2; cells in spinous layer[≥Medium]","HPA:0471412","false","0.000012992340998394877","4.886312589413108","672","96","17","18614","GATA3,TRPS1,TFAP2C,KRT14,KRT6B,KRT6A,CSTA,DSC3,FGFBP1,TP63,KRT5,PKP1,LYPD3,SFN,PKP3,HMGA1,CREB3L4"
"HPA","Appendix; goblet cells[≥Medium]","HPA:0030892","false","0.000014919846119469672","4.826235656073123","308","96","12","18614","CEACAM5,TSPAN8,GPX2,EPCAM,TJP3,KRT8,KRT18,CLDN3,HMGA1,SPINK1,CREB3L4,AGR2"
"HPA","Rectum; enterocytes - Microvilli[High]","HPA:0401323","false","0.000015502788480296054","4.809590178430614","104","96","8","18614","FUT4,CEACAM5,TSPAN8,EPCAM,TJP3,KRT8,CLDN3,TMPRSS2"
"HPA","Skin 2; cells in spinous layer[≥Low]","HPA:0471411","false","0.000016132668061398977","4.792293801952558","859","96","19","18614","GATA3,TRPS1,TFAP2C,KRT14,KRT6B,KRT6A,CSTA,SOX15,DSC3,FGFBP1,TP63,KRT5,PKP1,LYPD3,SFN,TMEM79,PKP3,HMGA1,CREB3L4"
"HPA","HPA root","HPA:0000000","false","0.000018920190240307443","4.7230745011318795","10762","96","80","18614","GATA3,TRPS1,EFHD1,ESR1,TFAP2C,ESRP1,FAM3D,FUT4,CEACAM5,TSPAN8,GPX2,FERMT1,HKDC1,FOXA2,CYP2S1,TMEM171,AMN,PRR15L,EPCAM,KLF5,TJP3,KRT8,KRT18,BAIAP2L1,RAB25,SALL1,KRT14,KRT16,KRT6B,KRT6A,CSTA,SOX15,DSC3,FGFBP1,TP63,KRT5,PKP1,LYPD3,SFN,TMEM79,IRF6,LAD1,PKP3,NECTIN4,ENPEP,CLTRN,RBP5,BHMT2,SEMA5B,GAL3ST1,CDH6,HNF1B,SMIM24,CEACAM6,SOX17,PAX8,CLDN3,HMGA1,SPINK1,ACP3,SLC45A3,NKX3-1,RDH11,ANO7,FOLH1,GNMT,HOXB13,ARHGAP6,TMPRSS2,CREB3L4,SLC4A4,FOXA1,ZG16B,AR,AZGP1,C9ORF152,HID1,PMEL,GATA6,AGR2"
"HPA","Colon; goblet cells[High]","HPA:0130893","false","0.000019173937191185583","4.7172886995977885","199","96","10","18614","CEACAM5,TSPAN8,EPCAM,KRT8,KRT18,CLDN3,HMGA1,SPINK1,HOXB13,AGR2"
"HPA","Colon; endocrine cells[≥Medium]","HPA:0131292","false","0.00002651083695291814","4.576576561278741","392","96","13","18614","CEACAM5,TSPAN8,EPCAM,TJP3,KRT8,KRT18,CLDN3,HMGA1,SPINK1,HOXB13,CREB3L4,AZGP1,AGR2"
"HPA","Rectum; goblet cells[High]","HPA:0400893","false","0.000027742033831412264","4.556861702982237","207","96","10","18614","CEACAM5,TSPAN8,EPCAM,KRT8,KRT18,CLDN3,HMGA1,SPINK1,HOXB13,AGR2"
"HPA","Colon; goblet cells[≥Medium]","HPA:0130892","false","0.00003056583898472506","4.514763679002753","329","96","12","18614","CEACAM5,TSPAN8,EPCAM,TJP3,KRT8,KRT18,CLDN3,HMGA1,SPINK1,HOXB13,CREB3L4,AGR2"
"HPA","Rectum; goblet cells[≥Low]","HPA:0400891","false","0.00003647903858277","4.437956616168729","403","96","13","18614","CEACAM5,TSPAN8,GPX2,EPCAM,TJP3,KRT8,KRT18,CLDN3,HMGA1,SPINK1,HOXB13,CREB3L4,AGR2"
"HPA","Appendix; endocrine cells[≥Low]","HPA:0031291","false","0.000044461099434715155","4.352019802263965","410","96","13","18614","CEACAM5,TSPAN8,EPCAM,TJP3,KRT8,KRT18,CLDN3,HMGA1,SPINK1,TMPRSS2,CREB3L4,AZGP1,AGR2"
"HPA","Colon; enterocytes - Microvilli[≥Low]","HPA:0131321","false","0.00004495170491188794","4.347253831855482","218","96","10","18614","CEACAM5,TSPAN8,GPX2,EPCAM,TJP3,KRT8,CEACAM6,CLDN3,TMPRSS2,AGR2"
"HPA","Rectum; enterocytes[High]","HPA:0401303","false","0.0000554795940463382","4.255866725393998","223","96","10","18614","CEACAM5,TSPAN8,EPCAM,KRT8,KRT18,CLDN3,HMGA1,HOXB13,CREB3L4,AGR2"
"HPA","Skin 1; cells in spinous layer[≥Low]","HPA:0461411","false","0.00006108059736514996","4.2140967242168","749","96","17","18614","GATA3,TRPS1,TFAP2C,KRT14,KRT6B,KRT6A,CSTA,SOX15,DSC3,FGFBP1,TP63,KRT5,PKP1,LYPD3,SFN,PKP3,HMGA1"
"HPA","Skin 1; cells in spinous layer[≥Medium]","HPA:0461412","false","0.00006832031126861843","4.165450163660746","582","96","15","18614","GATA3,TRPS1,TFAP2C,KRT14,KRT6B,KRT6A,DSC3,FGFBP1,TP63,KRT5,PKP1,LYPD3,SFN,PKP3,HMGA1"
"HPA","Rectum; enterocytes[≥Low]","HPA:0401301","false","0.00007062147595540939","4.151063210129032","503","96","14","18614","CEACAM5,TSPAN8,GPX2,EPCAM,TJP3,KRT8,KRT18,ENPEP,CLDN3,HMGA1,HOXB13,TMPRSS2,CREB3L4,AGR2"
"HPA","Appendix; goblet cells[High]","HPA:0030893","false","0.00007286829944436187","4.1374613656549455","175","96","9","18614","CEACAM5,TSPAN8,EPCAM,KRT8,KRT18,CLDN3,HMGA1,SPINK1,AGR2"
"HPA","Skin 1; hair follicles[≥Low]","HPA:0461451","false","0.00007580636851913747","4.120294307606237","358","96","12","18614","TFAP2C,EPCAM,KRT18,KRT14,KRT6B,KRT6A,SOX15,TP63,KRT5,PKP1,HMGA1,AZGP1"
"HPA","Rectum; enterocytes - Microvilli[≥Medium]","HPA:0401322","false","0.00008022941691516578","4.095666364116166","177","96","9","18614","FUT4,CEACAM5,TSPAN8,EPCAM,TJP3,KRT8,CEACAM6,CLDN3,TMPRSS2"
"HPA","Appendix; endocrine cells[≥Medium]","HPA:0031292","false","0.00008045221197735728","4.094462010777455","360","96","12","18614","CEACAM5,TSPAN8,EPCAM,TJP3,KRT8,KRT18,CLDN3,HMGA1,SPINK1,CREB3L4,AZGP1,AGR2"
"HPA","Skin 2; cells in corneal layer[≥Medium]","HPA:0471402","false","0.00009212865323068453","4.035605277461573","89","96","7","18614","KRT6B,KRT6A,CSTA,DSC3,FGFBP1,LYPD3,AZGP1"
"HPA","Colon; endocrine cells[High]","HPA:0131293","false","0.0001224317828565572","3.9121058262472674","243","96","10","18614","CEACAM5,TSPAN8,EPCAM,KRT8,KRT18,CLDN3,HMGA1,SPINK1,HOXB13,AGR2"
"HPA","Appendix; goblet cells[≥Low]","HPA:0030891","false","0.00013139840900326086","3.881409893263968","377","96","12","18614","CEACAM5,TSPAN8,GPX2,EPCAM,TJP3,KRT8,KRT18,CLDN3,HMGA1,SPINK1,CREB3L4,AGR2"
"HPA","Rectum; enterocytes[≥Medium]","HPA:0401302","false","0.00014692435087351527","3.8329062193658054","381","96","12","18614","CEACAM5,TSPAN8,GPX2,EPCAM,TJP3,KRT8,KRT18,CLDN3,HMGA1,HOXB13,CREB3L4,AGR2"
"HPA","Rectum; enterocytes - Microvilli[≥Low]","HPA:0401321","false","0.00018918754579431925","3.7231074565749767","196","96","9","18614","FUT4,CEACAM5,TSPAN8,EPCAM,TJP3,KRT8,CEACAM6,CLDN3,TMPRSS2"
"HPA","Skin 1; cells in corneal layer[≥Medium]","HPA:0461402","false","0.00018994367431160035","3.7213751651643325","62","96","6","18614","KRT6B,KRT6A,CSTA,DSC3,LYPD3,AZGP1"
"HPA","Rectum; endocrine cells[≥Medium]","HPA:0401292","false","0.00021491878841242067","3.6677256163970493","395","96","12","18614","CEACAM5,TSPAN8,EPCAM,TJP3,KRT8,KRT18,CLDN3,HMGA1,SPINK1,HOXB13,CREB3L4,AGR2"
"HPA","Small intestine; paneth cells[High]","HPA:0481353","false","0.00023553339172725026","3.6279475139496524","148","96","8","18614","TSPAN8,GPX2,KRT8,KRT18,CLDN3,HMGA1,SPINK1,AZGP1"
"HPA","Rectum; endocrine cells[High]","HPA:0401293","false","0.00024321311487195075","3.614013010143751","262","96","10","18614","CEACAM5,TSPAN8,EPCAM,KRT8,KRT18,CLDN3,HMGA1,SPINK1,HOXB13,AGR2"
"HPA","Colon; goblet cells[≥Low]","HPA:0130891","false","0.0002584076038178883","3.587694711081119","402","96","12","18614","CEACAM5,TSPAN8,EPCAM,TJP3,KRT8,KRT18,CLDN3,HMGA1,SPINK1,HOXB13,CREB3L4,AGR2"
"HPA","Colon; enterocytes - Microvilli[≥Medium]","HPA:0131322","false","0.00026413051613001173","3.578181419992408","204","96","9","18614","CEACAM5,TSPAN8,EPCAM,TJP3,KRT8,CEACAM6,CLDN3,TMPRSS2,AGR2"
"HPA","Colon; enterocytes[High]","HPA:0131303","false","0.0003634818682151451","3.4395172484377117","212","96","9","18614","CEACAM5,TSPAN8,EPCAM,KRT8,KRT18,CLDN3,HMGA1,HOXB13,AGR2"
"HPA","Duodenum; paneth cells[High]","HPA:0151353","false","0.0004873714144457242","3.3121399468635415","163","96","8","18614","TSPAN8,GPX2,KRT8,KRT18,CLDN3,HMGA1,SPINK1,AZGP1"
"HPA","Appendix; enterocytes[≥Medium]","HPA:0031302","false","0.000523781533148529","3.2808498174668594","355","96","11","18614","CEACAM5,TSPAN8,GPX2,EPCAM,TJP3,KRT8,KRT18,CLDN3,HMGA1,CREB3L4,AGR2"
"HPA","Appendix; endocrine cells[High]","HPA:0031293","false","0.0005317687733909709","3.274277168964143","222","96","9","18614","CEACAM5,TSPAN8,EPCAM,KRT8,KRT18,CLDN3,HMGA1,AZGP1,AGR2"
"HPA","Prostate; glandular cells[High]","HPA:0390053","false","0.0005798303963543363","3.236699021435426","1305","96","21","18614","FAM3D,KRT8,KRT18,BAIAP2L1,RAB25,SALL1,KRT5,TMEM79,CLDN3,HMGA1,ACP3,SLC45A3,NKX3-1,ANO7,FOLH1,HOXB13,CREB3L4,FOXA1,AZGP1,HID1,AGR2"
"HPA","Skin 1; hair follicles[High]","HPA:0461453","false","0.0005897944122615712","3.22929934628992","117","96","7","18614","TFAP2C,EPCAM,KRT14,KRT6B,KRT6A,TP63,KRT5"
"HPA","Duodenum; enterocytes[High]","HPA:0151303","false","0.0006861930144367419","3.1635537074500846","229","96","9","18614","TSPAN8,EPCAM,KRT8,KRT18,CLDN3,HMGA1,FOLH1,CREB3L4,AGR2"
"HPA","Duodenum; enterocytes[≥Low]","HPA:0151301","false","0.0007736342796779546","3.1114642949421945","529","96","13","18614","TSPAN8,EPCAM,TJP3,KRT8,KRT18,SMIM24,CLDN3,HMGA1,ANO7,FOLH1,TMPRSS2,CREB3L4,AGR2"
"HPA","Colon; enterocytes[≥Medium]","HPA:0131302","false","0.000842842065694025","3.0742537971706168","373","96","11","18614","CEACAM5,TSPAN8,EPCAM,TJP3,KRT8,KRT18,CLDN3,HMGA1,HOXB13,CREB3L4,AGR2"
"HPA","Duodenum; enterocytes - Microvilli[≥Low]","HPA:0151321","false","0.0008478709308617151","3.0716702542064955","235","96","9","18614","FUT4,TSPAN8,TJP3,KRT8,ENPEP,SMIM24,CLDN3,FOLH1,AGR2"
"HPA","Appendix; enterocytes[≥Low]","HPA:0031301","false","0.001268808222983368","2.896604015410512","469","96","12","18614","CEACAM5,TSPAN8,GPX2,EPCAM,TJP3,KRT8,KRT18,CLDN3,HMGA1,TMPRSS2,CREB3L4,AGR2"
"HPA","Duodenum; paneth cells[≥Medium]","HPA:0151352","false","0.0012714889381901773","2.895687413784665","247","96","9","18614","TSPAN8,GPX2,TJP3,KRT8,KRT18,CLDN3,HMGA1,SPINK1,AZGP1"
"HPA","Skin 2; cells in granular layer[≥Medium]","HPA:0470182","false","0.0012778882047718469","2.893507138489356","554","96","13","18614","KRT6B,KRT6A,CSTA,DSC3,FGFBP1,TP63,PKP1,LYPD3,SFN,PKP3,HMGA1,CREB3L4,AZGP1"
"HPA","Skin 2; cells in basal layer[≥Medium]","HPA:0471392","false","0.0014382562618104953","2.8421637264880535","744","96","15","18614","KRT8,KRT18,KRT14,KRT6B,KRT6A,SOX15,DSC3,FGFBP1,TP63,KRT5,PKP1,SFN,PKP3,HMGA1,CREB3L4"
"HPA","Duodenum; goblet cells[≥Low]","HPA:0150891","false","0.0015260788770793414","2.816423018809045","397","96","11","18614","TSPAN8,EPCAM,TJP3,KRT8,KRT18,CLDN3,HMGA1,SPINK1,FOLH1,CREB3L4,AGR2"
"HPA","Skin 2; cells in basal layer[≥Low]","HPA:0471391","false","0.0015716254296913427","2.803650952699836","950","96","17","18614","TFAP2C,KRT8,KRT18,KRT14,KRT6B,KRT6A,SOX15,DSC3,FGFBP1,TP63,KRT5,PKP1,LYPD3,SFN,PKP3,HMGA1,CREB3L4"
"HPA","Small intestine; goblet cells[≥Low]","HPA:0480891","false","0.0016386962299302025","2.785501545448448","400","96","11","18614","TSPAN8,EPCAM,TJP3,KRT8,KRT18,CLDN3,HMGA1,SPINK1,FOLH1,CREB3L4,AGR2"
"HPA","Skin 2; cells in corneal layer[≥Low]","HPA:0471401","false","0.0016822857190819066","2.774100241782661","137","96","7","18614","KRT6B,KRT6A,CSTA,DSC3,FGFBP1,LYPD3,AZGP1"
"HPA","Skin 1; cells in corneal layer[≥Low]","HPA:0461401","false","0.0018264462126043918","2.7383931128925605","91","96","6","18614","KRT6B,KRT6A,CSTA,DSC3,LYPD3,AZGP1"
"HPA","Duodenum; goblet cells[≥Medium]","HPA:0150892","false","0.0018516974613047034","2.732429968852229","329","96","10","18614","TSPAN8,EPCAM,TJP3,KRT8,KRT18,CLDN3,HMGA1,SPINK1,FOLH1,AGR2"
"HPA","Duodenum; glands of Brunner[≥Low]","HPA:0151341","false","0.0019240516718652485","2.7157832688342705","260","96","9","18614","TSPAN8,GPX2,TJP3,KRT8,KRT18,HMGA1,FOLH1,CREB3L4,AGR2"
"HPA","Duodenum; glands of Brunner[≥Medium]","HPA:0151342","false","0.0020573287314486675","2.6866963087682887","198","96","8","18614","TSPAN8,GPX2,KRT8,KRT18,HMGA1,FOLH1,CREB3L4,AGR2"
"HPA","Small intestine; goblet cells[≥Medium]","HPA:0480892","false","0.0020579872716116085","2.686557315621174","333","96","10","18614","TSPAN8,EPCAM,TJP3,KRT8,KRT18,CLDN3,HMGA1,FOLH1,CREB3L4,AGR2"
"HPA","Appendix; enterocytes - Microvilli[High]","HPA:0031323","false","0.0020714048790948596","2.68373500512828","93","96","6","18614","CEACAM5,TSPAN8,TJP3,KRT8,CEACAM6,CLDN3"
"HPA","Colon; enterocytes[≥Low]","HPA:0131301","false","0.0022793144958467874","2.6421957474885103","497","96","12","18614","CEACAM5,TSPAN8,EPCAM,TJP3,KRT8,KRT18,CLDN3,HMGA1,HOXB13,TMPRSS2,CREB3L4,AGR2"
"HPA","Duodenum; goblet cells[High]","HPA:0150893","false","0.00238086309749955","2.6232655763338295","202","96","8","18614","TSPAN8,EPCAM,KRT8,KRT18,CLDN3,HMGA1,SPINK1,AGR2"
"HPA","Kidney; collecting ducts[≥Low]","HPA:0271121","false","0.002650630830812706","2.5766507548415354","593","96","13","18614","GATA3,TSPAN8,GPX2,EPCAM,KRT18,BAIAP2L1,HNF1B,PAX8,CLDN3,HMGA1,RDH11,CREB3L4,SLC4A4"
"HPA","Duodenum; paneth cells[≥Low]","HPA:0151351","false","0.002682372495098893","2.57148091278831","271","96","9","18614","TSPAN8,GPX2,TJP3,KRT8,KRT18,CLDN3,HMGA1,SPINK1,AZGP1"
"HPA","Small intestine; enterocytes[≥Medium]","HPA:0481302","false","0.003229965418989076","2.4908021273353422","430","96","11","18614","TSPAN8,EPCAM,TJP3,KRT8,KRT18,SMIM24,CLDN3,HMGA1,FOLH1,CREB3L4,AGR2"
"HPA","Skin 1; cells in granular layer[≥Low]","HPA:0460181","false","0.00338082184940299","2.470977713546468","701","96","14","18614","GATA3,TFAP2C,KRT6B,KRT6A,CSTA,DSC3,FGFBP1,TP63,PKP1,LYPD3,SFN,PKP3,HMGA1,AZGP1"
"HPA","Colon; enterocytes - Microvilli[High]","HPA:0131323","false","0.0037281039517234084","2.4285119865995877","103","96","6","18614","CEACAM5,TSPAN8,EPCAM,TJP3,KRT8,CLDN3"
"HPA","Small intestine; paneth cells[≥Medium]","HPA:0481352","false","0.004718217120808031","2.3262220778210883","222","96","8","18614","TSPAN8,GPX2,KRT8,KRT18,CLDN3,HMGA1,SPINK1,AZGP1"
"HPA","Kidney; collecting ducts[≥Medium]","HPA:0271122","false","0.006025785760007791","2.2199863132369106","460","96","11","18614","GATA3,TSPAN8,GPX2,EPCAM,KRT18,BAIAP2L1,HNF1B,PAX8,CLDN3,HMGA1,CREB3L4"
"HPA","Skin 1; cells in granular layer[≥Medium]","HPA:0460182","false","0.006228299865924918","2.2056304861839684","550","96","12","18614","GATA3,KRT6B,KRT6A,CSTA,DSC3,FGFBP1,PKP1,LYPD3,SFN,PKP3,HMGA1,AZGP1"
"HPA","Kidney; distal tubules[≥Medium]","HPA:0271132","false","0.006228299865924918","2.2056304861839684","550","96","12","18614","TSPAN8,GPX2,KRT18,BAIAP2L1,HNF1B,PAX8,CLDN3,HMGA1,ACP3,RDH11,TMPRSS2,CREB3L4"
"HPA","Appendix; enterocytes - Microvilli[≥Medium]","HPA:0031322","false","0.0063445041622422335","2.197602313366998","168","96","7","18614","CEACAM5,TSPAN8,EPCAM,TJP3,KRT8,CEACAM6,CLDN3"
"HPA","Small intestine; enterocytes[≥Low]","HPA:0481301","false","0.007173225671931724","2.144285505908886","558","96","12","18614","TSPAN8,EPCAM,TJP3,KRT8,KRT18,SMIM24,CLDN3,HMGA1,FOLH1,TMPRSS2,CREB3L4,AGR2"
"HPA","Duodenum; enterocytes - Microvilli[High]","HPA:0151323","false","0.00733163081381555","2.1347994121712914","116","96","6","18614","TSPAN8,TJP3,KRT8,ENPEP,SMIM24,CLDN3"
"HPA","Small intestine; enterocytes[High]","HPA:0481303","false","0.007999874959952753","2.0969168010864223","239","96","8","18614","TSPAN8,EPCAM,KRT8,KRT18,CLDN3,HMGA1,FOLH1,AGR2"
"HPA","Skin 2; cells in granular layer[High]","HPA:0470183","false","0.009001271698402468","2.0456961291625464","243","96","8","18614","KRT6B,KRT6A,CSTA,DSC3,LYPD3,SFN,HMGA1,AZGP1"
"HPA","Small intestine; endocrine cells[≥Low]","HPA:0481291","false","0.009057992762546513","2.0429680306598366","481","96","11","18614","TSPAN8,EPCAM,TJP3,KRT8,KRT18,CLDN3,HMGA1,SPINK1,TMPRSS2,CREB3L4,AGR2"
"HPA","Skin 1; cells in granular layer[High]","HPA:0460183","false","0.009267366995934254","2.033043638192526","244","96","8","18614","KRT6B,KRT6A,CSTA,DSC3,FGFBP1,LYPD3,SFN,HMGA1"
"HPA","Duodenum; endocrine cells[≥Low]","HPA:0151291","false","0.009405721693789075","2.0266078757536468","483","96","11","18614","TSPAN8,EPCAM,TJP3,KRT8,KRT18,CLDN3,HMGA1,SPINK1,TMPRSS2,CREB3L4,AGR2"
"HPA","Appendix; enterocytes[High]","HPA:0031303","false","0.01174120813024226","1.9302872133692734","185","96","7","18614","CEACAM5,TSPAN8,EPCAM,KRT8,KRT18,CLDN3,AGR2"
"HPA","Small intestine; paneth cells[≥Low]","HPA:0481351","false","0.012655417106753384","1.897723536465732","255","96","8","18614","TSPAN8,GPX2,KRT8,KRT18,CLDN3,HMGA1,SPINK1,AZGP1"
"HPA","Duodenum; enterocytes[≥Medium]","HPA:0151302","false","0.01435307236960451","1.8430551253867027","418","96","10","18614","TSPAN8,EPCAM,TJP3,KRT8,KRT18,CLDN3,HMGA1,FOLH1,CREB3L4,AGR2"
"HPA","Appendix; enterocytes - Microvilli[≥Low]","HPA:0031321","false","0.015854213377137417","1.7998553010631604","194","96","7","18614","CEACAM5,TSPAN8,EPCAM,TJP3,KRT8,CEACAM6,CLDN3"
"HPA","Skin 2; cells in granular layer[≥Low]","HPA:0470181","false","0.016706846212055662","1.7771055250899266","708","96","13","18614","KRT6B,KRT6A,CSTA,DSC3,FGFBP1,TP63,PKP1,LYPD3,SFN,PKP3,HMGA1,CREB3L4,AZGP1"
"HPA","Kidney; collecting ducts[High]","HPA:0271123","false","0.01888838586413578","1.7238051537907642","270","96","8","18614","EPCAM,KRT18,BAIAP2L1,HNF1B,PAX8,CLDN3,HMGA1,CREB3L4"
"HPA","Duodenum; enterocytes - Microvilli[≥Medium]","HPA:0151322","false","0.019200301928297105","1.7166919418817437","200","96","7","18614","TSPAN8,TJP3,KRT8,ENPEP,SMIM24,CLDN3,FOLH1"
"HPA","Small intestine; enterocytes - Microvilli[High]","HPA:0481323","false","0.01938530559716262","1.7125273482231735","138","96","6","18614","TSPAN8,TJP3,KRT8,ENPEP,SMIM24,CLDN3"
"HPA","Small intestine; goblet cells[High]","HPA:0480893","false","0.019810243451641316","1.7031101873057353","201","96","7","18614","TSPAN8,EPCAM,KRT8,KRT18,CLDN3,HMGA1,AGR2"
"HPA","Kidney; proximal tubules (cell body)[≥Low]","HPA:0271141","false","0.02007530325231606","1.6973378856601027","721","96","13","18614","GATA3,FUT4,BAIAP2L1,ENPEP,BHMT2,HNF1B,PAX8,CLDN3,HMGA1,TMPRSS2,CREB3L4,SLC4A4,AR"
"HPA","Duodenum; endocrine cells[≥Medium]","HPA:0151292","false","0.021555682194156458","1.666438228042315","439","96","10","18614","TSPAN8,EPCAM,TJP3,KRT8,KRT18,CLDN3,HMGA1,SPINK1,CREB3L4,AGR2"
"HPA","Small intestine; endocrine cells[High]","HPA:0481293","false","0.023723513428935666","1.6248209919602052","279","96","8","18614","TSPAN8,EPCAM,KRT8,KRT18,CLDN3,HMGA1,SPINK1,AGR2"
"HPA","Placenta; syncytiotrophoblasts[≥Low]","HPA:0381601","false","0.02426547259466236","1.6150112459413044","47","96","4","18614","GATA3,TFAP2C,NECTIN4,ACP3"
"HPA","Small intestine; endocrine cells[≥Medium]","HPA:0481292","false","0.025010347753354024","1.6018802696324428","447","96","10","18614","TSPAN8,EPCAM,TJP3,KRT8,KRT18,CLDN3,HMGA1,SPINK1,CREB3L4,AGR2"
"HPA","Skin 2; cells in basal layer[High]","HPA:0471393","false","0.030256799095103783","1.5191770184431366","289","96","8","18614","KRT14,KRT6B,KRT6A,DSC3,TP63,KRT5,SFN,PKP3"
"HPA","Kidney; proximal tubules (cell body)[≥Medium]","HPA:0271142","false","0.03457608024867716","1.4612242424923811","559","96","11","18614","GATA3,ENPEP,BHMT2,HNF1B,PAX8,CLDN3,HMGA1,TMPRSS2,CREB3L4,SLC4A4,AR"
"HPA","Duodenum; endocrine cells[High]","HPA:0151293","false","0.03566318546119926","1.447779867934783","296","96","8","18614","TSPAN8,EPCAM,KRT8,KRT18,CLDN3,HMGA1,SPINK1,AGR2"
"HPA","Duodenum; glands of Brunner[High]","HPA:0151343","false","0.0447435927850294","1.349269146210191","102","96","5","18614","TSPAN8,KRT8,KRT18,HMGA1,AGR2"
"HP","Palmoplantar blistering","HP:0007446","false","1.3457816431217967e-8","7.871025399904157","11","96","6","18614","KRT14,KRT16,KRT6B,KRT6A,KRT5,PKP1"
"HP","Hyperkeratosis","HP:0000962","false","3.1424331623933244e-8","7.502733950718363","235","96","14","18614","TRPS1,FERMT1,KRT14,KRT16,KRT6B,KRT6A,CSTA,DSC3,TP63,KRT5,PKP1,NECTIN4,GRHL2,KDF1"
"HP","Blistering by anatomical location","HP:0033800","false","8.737517864398724e-8","7.058611923303275","26","96","7","18614","FERMT1,KRT14,KRT16,KRT6B,KRT6A,KRT5,PKP1"
"HP","Palmar hyperkeratosis","HP:0010765","false","1.2398850417634407e-7","6.906618579387921","130","96","11","18614","FERMT1,KRT14,KRT16,KRT6B,KRT6A,CSTA,TP63,KRT5,PKP1,NECTIN4,GRHL2"
"HP","Palmoplantar keratoderma","HP:0000982","false","6.121147321245519e-7","6.213167167954814","113","96","10","18614","FERMT1,KRT14,KRT16,KRT6B,KRT6A,CSTA,TP63,KRT5,PKP1,GRHL2"
"HP","Abnormal blistering of the skin","HP:0008066","false","0.0000011110012623105273","5.954285447617021","120","96","10","18614","FERMT1,KRT14,KRT16,KRT6B,KRT6A,CSTA,DSC3,KRT5,PKP1,CLTRN"
"HP","Epidermal thickening","HP:0011368","false","0.0000017624171703821727","5.753891284714583","379","96","15","18614","TRPS1,ESR1,FERMT1,KRT14,KRT16,KRT6B,KRT6A,CSTA,DSC3,TP63,KRT5,PKP1,NECTIN4,GRHL2,KDF1"
"HP","Palmoplantar hyperkeratosis","HP:0000972","false","0.0000020993282843068657","5.677919642925475","128","96","10","18614","FERMT1,KRT14,KRT16,KRT6B,KRT6A,CSTA,TP63,KRT5,PKP1,GRHL2"
"HP","Plantar hyperkeratosis","HP:0007556","false","0.0000026355796025201427","5.579123862236668","131","96","10","18614","FERMT1,KRT14,KRT16,KRT6B,KRT6A,CSTA,TP63,KRT5,PKP1,GRHL2"
"HP","Onychogryphosis","HP:0001805","false","0.000008068383772392291","5.093213452766116","27","96","6","18614","KRT14,KRT16,KRT6B,KRT6A,TP63,KRT5"
"HP","Thickened skin","HP:0001072","false","0.000008643451001733125","5.063312825602967","426","96","15","18614","TRPS1,ESR1,FERMT1,KRT14,KRT16,KRT6B,KRT6A,CSTA,DSC3,TP63,KRT5,PKP1,NECTIN4,GRHL2,KDF1"
"HP","Nail dystrophy","HP:0008404","false","0.000008661596766645166","5.062402038350022","148","96","10","18614","KRT14,KRT16,KRT6B,KRT6A,CSTA,TP63,KRT5,PKP1,GRHL2,KDF1"
"HP","Angular cheilitis","HP:0030318","false","0.00001753321164420851","4.75613852477308","15","96","5","18614","AMN,KRT16,KRT6B,KRT6A,DSC3"
"HP","Abnormality of the plantar skin of foot","HP:0100872","false","0.00003676924015093318","4.434515344884103","172","96","10","18614","FERMT1,KRT14,KRT16,KRT6B,KRT6A,CSTA,TP63,KRT5,PKP1,GRHL2"
"HP","Cheilitis","HP:0100825","false","0.000044486617153096796","4.351770617574058","60","96","7","18614","FERMT1,AMN,KRT16,KRT6B,KRT6A,DSC3,PKP1"
"HP","Abnormal skin morphology of the palm","HP:0040211","false","0.00006622619586688467","4.178970190770256","424","96","14","18614","TRPS1,GPR35,FERMT1,KRT14,KRT16,KRT6B,KRT6A,CSTA,TP63,KRT5,PKP1,NECTIN4,GRHL2,KDF1"
"HP","Abnormal nail morphology","HP:0001597","false","0.00015236099108260467","3.81712621098939","529","96","15","18614","TRPS1,FERMT1,KRT14,KRT16,KRT6B,KRT6A,CSTA,DSC3,TP63,KRT5,PKP1,IRF6,NECTIN4,GRHL2,KDF1"
"HP","Regional abnormality of skin","HP:0011356","false","0.00034866689404124894","3.4575892869737963","564","96","15","18614","TRPS1,GPR35,FERMT1,KRT14,KRT16,KRT6B,KRT6A,CSTA,TP63,KRT5,PKP1,IRF6,NECTIN4,GRHL2,KDF1"
"HP","Abnormal palm morphology","HP:0100871","false","0.0008614529917350504","3.0647684164017703","523","96","14","18614","TRPS1,GPR35,FERMT1,KRT14,KRT16,KRT6B,KRT6A,CSTA,TP63,KRT5,PKP1,NECTIN4,GRHL2,KDF1"
"HP","Steatocystoma multiplex","HP:0012035","false","0.0009810905516055904","3.0082909067405987","4","96","3","18614","KRT16,KRT6B,KRT6A"
"HP","Eruptive vellus hair cyst","HP:0025248","false","0.0009810905516055904","3.0082909067405987","4","96","3","18614","KRT16,KRT6B,KRT6A"
"HP","Follicular hyperkeratosis","HP:0007502","false","0.0010969961882280426","2.9597948814812627","32","96","5","18614","KRT16,KRT6B,KRT6A,DSC3,PKP1"
"HP","Abnormality of the skin","HP:0000951","false","0.0015039985968490536","2.8227525689179123","2166","96","29","18614","GATA3,TRPS1,ESR1,GPR35,FERMT1,AMN,EPCAM,KRT18,SALL1,KRT14,KRT16,KRT6B,KRT6A,CSTA,DSC3,TP63,KRT5,PKP1,IRF6,NECTIN4,CLTRN,HNF1B,SOX17,PAX8,SPINK1,AR,GRHL2,GATA6,KDF1"
"HP","Fingernail dysplasia","HP:0100798","false","0.0021351405366464224","2.6705735340903205","16","96","4","18614","KRT16,KRT6B,KRT6A,TP63"
"HP","Hyperplastic callus formation","HP:0030268","false","0.0024435360020861486","2.6119812578667623","5","96","3","18614","KRT16,KRT6B,KRT6A"
"HP","Linear arrays of macular hyperkeratoses in flexural areas","HP:0007490","false","0.0024435360020861486","2.6119812578667623","5","96","3","18614","KRT16,KRT6B,KRT6A"
"HP","Lower limb pain","HP:0012514","false","0.005013955014463349","2.2998195668791936","43","96","5","18614","KRT14,KRT16,KRT6B,KRT6A,KRT5"
"HP","Epidermoid cyst","HP:0200040","false","0.006883812597286452","2.1621709612776874","21","96","4","18614","KRT16,KRT6B,KRT6A,KRT5"
"HP","Pain in head and neck region","HP:0046506","false","0.007053261758823515","2.151609998431993","46","96","5","18614","KRT16,KRT6B,KRT6A,OVOL2,GRHL2"
"HP","Aplasia/hypoplasia of the uterus","HP:0008684","false","0.0070715884956945975","2.1504830193819755","81","96","6","18614","GATA3,ESR1,TP63,IRF6,HNF1B,AR"
"HP","Onychogryphosis of toenails","HP:0008401","false","0.008488424444590198","2.071172912644096","7","96","3","18614","KRT16,KRT6B,KRT6A"
"HP","Abnormality of the integument","HP:0001574","false","0.008640566419949303","2.0634577870355297","2632","96","31","18614","GATA3,TRPS1,ESR1,GPR35,FERMT1,FOXA2,AMN,EPCAM,KRT18,SALL1,KRT14,KRT16,KRT6B,KRT6A,CSTA,DSC3,TP63,KRT5,PKP1,IRF6,NECTIN4,CLTRN,HNF1B,SOX17,PAX8,SPINK1,AR,HID1,GRHL2,GATA6,KDF1"
"HP","Abnormal fingernail morphology","HP:0001231","false","0.012056710527783255","1.918771166034936","191","96","8","18614","KRT14,KRT16,KRT6B,KRT6A,TP63,KRT5,PKP1,KDF1"
"HP","Subungual hyperkeratosis","HP:0008392","false","0.013530621066658772","1.8686822684701978","8","96","3","18614","KRT14,KRT6B,KDF1"
"HP","Abnormal skin morphology","HP:0011121","false","0.014024345207319145","1.8531174066840381","2021","96","26","18614","TRPS1,ESR1,GPR35,FERMT1,AMN,KRT18,SALL1,KRT14,KRT16,KRT6B,KRT6A,CSTA,DSC3,TP63,KRT5,PKP1,IRF6,NECTIN4,CLTRN,HNF1B,SOX17,PAX8,SPINK1,GRHL2,GATA6,KDF1"
"HP","Cutaneous cyst","HP:0025245","false","0.016858588391191292","1.7731787926757916","26","96","4","18614","KRT16,KRT6B,KRT6A,KRT5"
"HP","Alopecia","HP:0001596","false","0.017631416089871114","1.753712805379692","266","96","9","18614","KRT14,KRT16,KRT6B,KRT6A,TP63,KRT5,PKP1,NECTIN4,KDF1"
"HP","White lesion of the oral mucosa","HP:0025125","false","0.019712459039265048","1.7052591960873729","27","96","4","18614","FERMT1,KRT16,KRT6B,KRT6A"
"HP","Oral leukoplakia","HP:0002745","false","0.019712459039265048","1.7052591960873729","27","96","4","18614","FERMT1,KRT16,KRT6B,KRT6A"
"HP","Acral blistering","HP:0031045","false","0.02021994609187324","1.6942200066101607","9","96","3","18614","FERMT1,KRT14,KRT5"
"HP","Onychogryphosis of fingernail","HP:0040036","false","0.02021994609187324","1.6942200066101607","9","96","3","18614","KRT16,KRT6B,KRT6A"
"HP","Spotty hypopigmentation","HP:0005590","false","0.02021994609187324","1.6942200066101607","9","96","3","18614","FERMT1,KRT14,KRT5"
"HP","Spotty hyperpigmentation","HP:0005585","false","0.02021994609187324","1.6942200066101607","9","96","3","18614","FERMT1,KRT14,KRT5"
"HP","Abnormal inflammatory response","HP:0012647","false","0.020703781846029293","1.6839503171109316","1324","96","20","18614","GATA3,ESR1,GPR35,FERMT1,EPCAM,KRT18,KRT14,KRT6B,CSTA,TP63,KRT5,PKP1,IRF6,CLTRN,CEACAM6,SPINK1,AR,GATA6,AGR2,KDF1"
"HP","Increased inflammatory response","HP:0012649","false","0.020703781846029293","1.6839503171109316","1324","96","20","18614","GATA3,ESR1,GPR35,FERMT1,EPCAM,KRT18,KRT14,KRT6B,CSTA,TP63,KRT5,PKP1,IRF6,CLTRN,CEACAM6,SPINK1,AR,GATA6,AGR2,KDF1"
"HP","Abnormality of skin physiology","HP:0011122","false","0.02373004582515893","1.6247014231145431","602","96","13","18614","GATA3,ESR1,GPR35,FERMT1,KRT14,KRT6B,CSTA,TP63,KRT5,PKP1,CLTRN,AR,KDF1"
"HP","Nail dysplasia","HP:0002164","false","0.025339844718419335","1.5961960507840791","152","96","7","18614","TRPS1,KRT14,KRT16,KRT6B,KRT6A,TP63,KRT5"
"HP","Abnormal epidermal morphology","HP:0011124","false","0.025420862506940246","1.5948097183119059","101","96","6","18614","FERMT1,KRT16,CSTA,DSC3,PKP1,GRHL2"
"HP","Limb pain","HP:0009763","false","0.028799071110082588","1.5406215198196307","61","96","5","18614","KRT14,KRT16,KRT6B,KRT6A,KRT5"
"HP","Enamel hypoplasia","HP:0006297","false","0.03175118548455673","1.4982400549455532","105","96","6","18614","KRT14,TP63,KRT5,IRF6,NECTIN4,GRHL2"
"HP","Inflammatory abnormality of the skin","HP:0011123","false","0.032388654408558405","1.4896070944435726","529","96","12","18614","GATA3,ESR1,FERMT1,KRT14,KRT6B,CSTA,TP63,KRT5,PKP1,CLTRN,AR,KDF1"
"HP","Abnormality of immune system physiology","HP:0010978","false","0.03379668937815837","1.471125839817485","1862","96","24","18614","GATA3,TRPS1,ESR1,GPR35,FERMT1,AMN,EPCAM,KRT18,KRT14,KRT6B,CSTA,TP63,KRT5,PKP1,IRF6,CLTRN,CEACAM6,SOX17,SPINK1,AR,GRHL2,GATA6,AGR2,KDF1"
"HP","Neoplasm by anatomical site","HP:0011793","false","0.04363987350691408","1.3601165169134122","941","96","16","18614","TRPS1,PRLR,ESR1,GPR35,FERMT1,EPCAM,KRT14,KRT16,KRT6B,KRT6A,TP63,KRT5,HNF1B,SOX17,SPINK1,AR"
"HP","Hoarse voice","HP:0001609","false","0.04585364818968631","1.3386261054548154","112","96","6","18614","KRT14,KRT16,KRT6B,KRT6A,KRT5,PAX8"
"HP","Hypohidrosis or hyperhidrosis","HP:0007550","false","0.046411120180059356","1.3333779493110385","230","96","8","18614","KRT14,KRT16,KRT6B,KRT6A,TP63,KRT5,PKP1,KDF1"
"HP","Swelling of proximal interphalangeal joints","HP:0006253","false","0.04874667428941505","1.3120550084172153","2","96","2","18614","TRPS1,KRT14"
"HP","Decreased number of sweat glands","HP:0007500","false","0.04874667428941505","1.3120550084172153","2","96","2","18614","KRT14,TP63"
"HP","Focal friction-related palmoplantar hyperkeratosis","HP:0007497","false","0.04874667428941505","1.3120550084172153","2","96","2","18614","KRT14,KRT5"
"HP","Tonofilament clumping","HP:0034067","false","0.04874667428941505","1.3120550084172153","2","96","2","18614","KRT14,KRT5"
