cancer,rule,weight,first_gene_marker,second_gene_marker
BRCA,TRPS1 > RDH11,0.053,,
BRCA,TRPS1 > BAIAP2L1,0.049,,
BRCA,PRLR > CDH6,0.043,,
BRCA,GATA3 > FOXA1,0.043,breast / urothelium,
BRCA,GATA3 > CNKSR1,0.042,breast / urothelium,
CRC,EPCAM > CEACAM6,0.075,,
CRC,PRR15L > LAD1,0.074,,
CRC,PMEL > EFHD1,0.072,melanocyte,
CRC,NOX1 > HNF1B,0.072,,
CRC,TMPRSS4 > GATA6,0.071,,
GBM,SALL1 > KRT8,0.023,,
GBM,SLC4A4 > BAIAP2L1,0.023,,
GBM,SALL1 > BAIAP2L1,0.021,,
GBM,ARHGAP6 > BAIAP2L1,0.021,,
GBM,GPR35 > KRT8,0.02,,
HNSC,EFHD1 > RBP5,0.115,,
HNSC,EFHD1 > METTL7B,0.101,,
HNSC,ANO7 > SPINK1,0.099,,
HNSC,GPR35 > SPINK1,0.099,,
HNSC,TRPS1 > CREB3L4,0.097,,
KIRC,KRT18 > HMGA1,0.044,,
KIRC,KRT8 > HMGA1,0.038,,
KIRC,HNF1B > HID1,0.034,,
KIRC,HNF1B > EHF,0.031,,
KIRC,BHMT2 > HID1,0.03,,
LUAD,PMEL > ANO7,0.11,melanocyte,
LUAD,TP63 > DSC3,0.097,squamous epithelium,
LUAD,TP63 > KRT6B,0.085,squamous epithelium,
LUAD,CLTRN > BHMT2,0.082,,
LUAD,TP63 > SALL1,0.081,squamous epithelium,
LUSC,EPCAM > KRT18,0.12,,
LUSC,SPINK1 > BHMT2,0.119,,
LUSC,SLC4A4 > CDH6,0.1,,
LUSC,TSPAN8 > BHMT2,0.099,,
LUSC,GAL3ST1 > SALL1,0.099,,
OV,TSPAN8 > TMPRSS2,0.058,,prostate
OV,ESRP1 > PRR15L,0.053,,
OV,CLDN3 > KRT18,0.053,,
OV,OVOL2 > CREB3L4,0.05,,
OV,GATA6 > AGR2,0.049,,
PAAD,CREB3L4 > FOXA1,0.098,,
PAAD,SLC4A4 > FOXA1,0.092,,
PAAD,OVOL2 > FOXA1,0.088,,
PAAD,GRHL2 > FOXA1,0.087,,
PAAD,BHMT2 > SOX15,0.078,,
PRAD,NKX3-1 > HMGA1,0.02,prostate,
PRAD,TMPRSS2 > HMGA1,0.019,prostate,
PRAD,HOXB13 > HMGA1,0.019,,
PRAD,SLC45A3 > HMGA1,0.019,,
PRAD,ACP3 > HMGA1,0.018,,
SKCM,PMEL > KLF5,0.048,melanocyte,
SKCM,PMEL > KRT18,0.048,melanocyte,
SKCM,PMEL > BAIAP2L1,0.047,melanocyte,
SKCM,PMEL > TMEM79,0.046,melanocyte,
SKCM,PMEL > HMGA1,0.046,melanocyte,
STAD,OVOL2 > CREB3L4,0.127,,
STAD,SLC30A4 > RBP5,0.117,,
STAD,SLC30A4 > PMEL,0.1,,melanocyte
STAD,ESRP1 > IRF6,0.093,,
STAD,SOX17 > RBP5,0.09,,
UCEC,SFN > KLF5,0.068,,
UCEC,SALL1 > SLC4A4,0.062,,
UCEC,RBP5 > SOX15,0.061,,
UCEC,SMIM24 > GATA6,0.058,,
UCEC,FOXA2 > C9orf152,0.056,,
