grouping,group,n,expression 100,expression all,pairs 100
site,adrenal,1,1.0,1.0,1.0
site,bladder,3,1.0,0.8,1.0
site,bone_marrow,40,0.895,0.63,0.92
site,brain,9,1.0,0.867,1.0
site,breast,2,0.6,0.9,0.5
site,colon,2,0.5,0.6,0.9
site,liver,73,0.668,0.597,0.652
site,lung,15,0.56,0.493,0.52
site,lymph_node,73,0.882,0.819,0.918
site,oral,2,0.1,0.0,0.0
site,pancreas,1,1.0,1.0,1.0
site,prostate,1,1.0,1.0,1.0
site,skin,14,0.743,0.8,0.771
site,soft_tissue,35,0.754,0.526,0.76
tc,high (>0.6),133,0.812,0.717,0.802
tc,low (<=0.4),71,0.746,0.575,0.783
tc,mid,67,0.755,0.681,0.779
