cohort,feature,size,external_macro_f1,ext_ci_low,ext_ci_high,gap,gap_ci_low,gap_ci_high
cptac,expression,10,0.658,0.641,0.675,0.123,0.102,0.143
cptac,expression,20,0.82,0.805,0.834,0.064,0.046,0.081
cptac,expression,50,0.863,0.849,0.876,0.073,0.057,0.088
cptac,expression,100,0.877,0.863,0.889,0.077,0.063,0.092
cptac,expression,150,0.865,0.85,0.88,0.101,0.086,0.117
cptac,expression,250,0.878,0.863,0.891,0.096,0.083,0.111
cptac,expression,500,0.872,0.858,0.885,0.108,0.095,0.122
cptac,expression,all,0.816,0.803,0.827,0.17,0.158,0.183
cptac,pairs,10,0.606,0.587,0.623,0.072,0.05,0.094
cptac,pairs,20,0.816,0.8,0.83,0.046,0.028,0.063
cptac,pairs,50,0.888,0.874,0.9,0.056,0.042,0.071
cptac,pairs,100,0.899,0.885,0.91,0.064,0.051,0.079
cptac,pairs,150,0.892,0.877,0.905,0.078,0.064,0.093
met500,expression,10,0.696,0.613,0.76,0.135,0.07,0.218
met500,expression,20,0.696,0.61,0.762,0.212,0.145,0.299
met500,expression,50,0.718,0.633,0.78,0.235,0.171,0.319
met500,expression,100,0.769,0.698,0.819,0.199,0.147,0.266
met500,expression,150,0.749,0.677,0.806,0.228,0.17,0.3
met500,expression,250,0.767,0.694,0.826,0.216,0.158,0.289
met500,expression,500,0.773,0.7,0.826,0.215,0.161,0.289
met500,expression,all,0.641,0.575,0.695,0.351,0.298,0.417
met500,pairs,10,0.624,0.544,0.683,0.137,0.07,0.22
met500,pairs,20,0.715,0.635,0.775,0.173,0.109,0.248
met500,pairs,50,0.772,0.696,0.826,0.187,0.133,0.261
met500,pairs,100,0.785,0.717,0.839,0.19,0.136,0.256
met500,pairs,150,0.789,0.721,0.846,0.192,0.135,0.26
